radius, weight, alpha
0.0850203, 0.0239078, 282.843
0.0826901, 0.0239078, 282.843
0.5, 0.0338596, 282.843
0.040078, 0.0338596, 282.843
0.5, 0.0309071, 282.843
0.0687281, 0.0309071, 282.843
0.0942338, 0.0376037, 282.843
0.093952, 0.0376037, 282.843
0.5, 0.0267238, 282.843
0.0236963, 0.0267238, 282.843
0.5, 0.0283908, 282.843
0.023178, 0.0283908, 282.843
0.30072, 0.0238276, 282.843
0.0440155, 0.0238276, 282.843
0.0867743, 0.0310273, 282.843
0.0868492, 0.0310273, 282.843
0.0751744, 0.0275121, 282.843
0.0562665, 0.0275121, 282.843
0.0713235, 0.0299819, 282.843
0.0616754, 0.0299819, 282.843
0.143438, 0.0375099, 282.843
0.0551504, 0.0375099, 282.843
0.0920088, 0.0267973, 282.843
0.069232, 0.0267973, 282.843
0.119839, 0.026126, 282.843
0.0234066, 0.026126, 282.843
0.0925538, 0.0299936, 282.843
0.0741419, 0.0299936, 282.843
0.088747, 0.0268005, 282.843
0.0349211, 0.0268005, 282.843
0.0826132, 0.0356169, 282.843
0.0701967, 0.0356169, 282.843
0.0404129, 0.021844, 282.843
0.105514, 0.021844, 282.843
0.0724614, 0.0311604, 282.843
0.0965771, 0.0311604, 282.843
0.0619208, 0.0312498, 282.843
0.0814892, 0.0312498, 282.843
0.0737408, 0.023558, 282.843
0.0754349, 0.023558, 282.843
0.0344113, 0.0338861, 282.843
0.138683, 0.0338861, 282.843
0.0570115, 0.0252166, 282.843
0.0977934, 0.0252166, 282.843
0.0419917, 0.0351469, 282.843
0.117926, 0.0351469, 282.843
0.0628579, 0.0375714, 282.843
0.137356, 0.0375714, 282.843
0.0393606, 0.0256622, 282.843
0.086817, 0.0256622, 282.843
0.0567987, 0.024419, 282.843
0.0775596, 0.024419, 282.843
0.058396, 0.0298171, 282.843
0.0909907, 0.0298171, 282.843
0.0526187, 0.028864, 282.843
0.125632, 0.028864, 282.843
0.0489732, 0.0271495, 282.843
0.074733, 0.0271495, 282.843
0.0391079, 0.0250876, 282.843
0.0797216, 0.0250876, 282.843
0.0549567, 0.0275027, 282.843
0.0735837, 0.0275027, 282.843
0.073777, 0.0377797, 282.843
0.119043, 0.0377797, 282.843
0.0414406, 0.02316, 282.843
0.0760734, 0.02316, 282.843
0.0370788, 0.0287487, 282.843
0.136627, 0.0287487, 282.843
0.104333, 0.0266294, 282.843
0.105839, 0.0266294, 282.843
0.0781055, 0.0334436, 282.843
0.0875631, 0.0334436, 282.843
0.0847984, 0.0256743, 282.843
0.085999, 0.0256743, 282.843
0.0413338, 0.029712, 282.843
0.0685486, 0.029712, 282.843
0.125206, 0.0281114, 282.843
0.114419, 0.0281114, 282.843
0.0704974, 0.0328699, 282.843
0.0808515, 0.0328699, 282.843
0.114037, 0.0252037, 282.843
0.100955, 0.0252037, 282.843
0.0679387, 0.0362177, 282.843
0.105828, 0.0362177, 282.843
0.0774068, 0.0379085, 282.843
0.0799992, 0.0379085, 282.843
0.0683117, 0.0243403, 282.843
0.0658258, 0.0243403, 282.843
0.0780714, 0.0262606, 282.843
0.0781263, 0.0262606, 282.843
0.0925738, 0.0269076, 282.843
0.0677091, 0.0269076, 282.843
0.0757256, 0.0366148, 282.843
0.0808174, 0.0366148, 282.843
0.0913281, 0.0308735, 282.843
0.0912732, 0.0308735, 282.843
0.068284, 0.0317285, 282.843
0.0737188, 0.0317285, 282.843
0.0342379, 0.0298645, 282.843
0.0867609, 0.0298645, 282.843
0.0763828, 0.0351541, 282.843
0.0653242, 0.0351541, 282.843
0.0489969, 0.0327608, 282.843
0.105158, 0.0327608, 282.843
0.0793849, 0.0284732, 282.843
0.0780425, 0.0284732, 282.843
0.0679458, 0.028215, 282.843
0.0944748, 0.028215, 282.843
0.0691087, 0.0249905, 282.843
0.0447061, 0.0249905, 282.843
0.0690155, 0.0249001, 282.843
0.0699871, 0.0249001, 282.843
0.0679484, 0.0313095, 282.843
0.0689151, 0.0313095, 282.843
0.0763436, 0.0365883, 282.843
0.0809992, 0.0365883, 282.843
0.0691161, 0.030715, 282.843
0.0826979, 0.030715, 282.843
0.0355786, 0.0304564, 282.843
0.115961, 0.0304564, 282.843
0.0797509, 0.022704, 282.843
0.0881781, 0.022704, 282.843
0.0843065, 0.0211952, 282.843
0.110072, 0.0211952, 282.843
0.0400478, 0.0241845, 282.843
0.0931805, 0.0241845, 282.843
0.134135, 0.0219284, 282.843
0.02872, 0.0219284, 282.843
0.0282241, 0.0281345, 282.843
0.12459, 0.0281345, 282.843
0.125667, 0.0279452, 282.843
0.113996, 0.0279452, 282.843
0.0759953, 0.0344431, 282.843
0.0775548, 0.0344431, 282.843
0.0329375, 0.0230187, 282.843
0.106458, 0.0230187, 282.843
0.126434, 0.0283175, 282.843
0.0495262, 0.0283175, 282.843
0.091185, 0.0375765, 282.843
0.089702, 0.0375765, 282.843
0.117793, 0.0220406, 282.843
0.0258236, 0.0220406, 282.843
0.109761, 0.0256587, 282.843
0.112425, 0.0256587, 282.843
0.0966488, 0.0323932, 282.843
0.083158, 0.0323932, 282.843
0.150057, 0.0305279, 282.843
0.0339841, 0.0305279, 282.843
0.113098, 0.03098, 282.843
0.126719, 0.03098, 282.843
0.124714, 0.0222128, 282.843
0.0265724, 0.0222128, 282.843
0.0684681, 0.0256614, 282.843
0.0757187, 0.0256614, 282.843
0.068317, 0.0319038, 282.843
0.0681066, 0.0319038, 282.843
0.127966, 0.030075, 282.843
0.045919, 0.030075, 282.843
0.0913367, 0.0342532, 282.843
0.0878647, 0.0342532, 282.843
0.0673488, 0.0319168, 282.843
0.0687527, 0.0319168, 282.843
0.0912238, 0.0374635, 282.843
0.0969899, 0.0374635, 282.843
0.0745705, 0.0329376, 282.843
0.0748951, 0.0329376, 282.843
0.0549886, 0.0297415, 282.843
0.0881285, 0.0297415, 282.843
0.0884512, 0.0281613, 282.843
0.103212, 0.0281613, 282.843
0.0511385, 0.0268739, 282.843
0.0753223, 0.0268739, 282.843
0.0685679, 0.0323201, 282.843
0.0926349, 0.0323201, 282.843
0.0850534, 0.0269729, 282.843
0.106832, 0.0269729, 282.843
0.0909819, 0.0288546, 282.843
0.102036, 0.0288546, 282.843
0.096739, 0.0288771, 282.843
0.103489, 0.0288771, 282.843
0.0930514, 0.0263101, 282.843
0.0875626, 0.0263101, 282.843
0.051172, 0.023946, 282.843
0.0862337, 0.023946, 282.843
0.0770586, 0.0278179, 282.843
0.0808065, 0.0278179, 282.843
0.0409968, 0.0245426, 282.843
0.0761526, 0.0245426, 282.843
0.0634007, 0.0264527, 282.843
0.0869336, 0.0264527, 282.843
0.0579356, 0.0325717, 282.843
0.0864513, 0.0325717, 282.843
0.0904876, 0.0292866, 282.843
0.106408, 0.0292866, 282.843
0.0690349, 0.0256761, 282.843
0.0746756, 0.0256761, 282.843
0.0839978, 0.0260196, 282.843
0.0779705, 0.0260196, 282.843
0.0932236, 0.0295967, 282.843
0.0971453, 0.0295967, 282.843
0.0993551, 0.0263191, 282.843
0.101182, 0.0263191, 282.843
0.0904229, 0.0350511, 282.843
0.0868233, 0.0350511, 282.843
0.11192, 0.0239709, 282.843
0.0770869, 0.0239709, 282.843
0.0896945, 0.032455, 282.843
0.0408484, 0.032455, 282.843
0.0698036, 0.0331548, 282.843
0.0710724, 0.0331548, 282.843
0.0683192, 0.0307216, 282.843
0.0696715, 0.0307216, 282.843
0.113423, 0.0294716, 282.843
0.12854, 0.0294716, 282.843
0.0992863, 0.0263107, 282.843
0.108871, 0.0263107, 282.843
0.0778111, 0.0317159, 282.843
0.0778031, 0.0317159, 282.843
0.5, 0.032684, 282.843
0.0458771, 0.032684, 282.843
0.150045, 0.0301924, 282.843
0.0353783, 0.0301924, 282.843
0.0672702, 0.0303384, 282.843
0.0584577, 0.0303384, 282.843
0.5, 0.0275102, 282.843
0.0314253, 0.0275102, 282.843
0.0880956, 0.0325066, 282.843
0.104075, 0.0325066, 282.843
0.117141, 0.0281689, 282.843
0.101205, 0.0281689, 282.843
0.159388, 0.0283906, 282.843
0.0677839, 0.0283906, 282.843
0.140098, 0.0252074, 282.843
0.0332076, 0.0252074, 282.843
0.127219, 0.02877, 282.843
0.0364823, 0.02877, 282.843
0.5, 0.0325988, 282.843
0.0233796, 0.0325988, 282.843
0.0708593, 0.0298757, 282.843
0.0723362, 0.0298757, 282.843
0.065979, 0.0336044, 282.843
0.0656193, 0.0336044, 282.843
0.11731, 0.035839, 282.843
0.0515717, 0.035839, 282.843
0.0686907, 0.0243694, 282.843
0.0705312, 0.0243694, 282.843
0.087902, 0.0238632, 282.843
0.0351968, 0.0238632, 282.843
0.0871942, 0.0355534, 282.843
0.088575, 0.0355534, 282.843
0.0213833, 0.0280889, 282.843
0.104881, 0.0280889, 282.843
0.0425234, 0.0215168, 282.843
0.0755679, 0.0215168, 282.843
0.0357597, 0.0212674, 282.843
0.121091, 0.0212674, 282.843
0.066403, 0.0317168, 282.843
0.0679816, 0.0317168, 282.843
0.0690943, 0.0295441, 282.843
0.0983871, 0.0295441, 282.843
0.0720461, 0.0349222, 282.843
0.0758173, 0.0349222, 282.843
0.0686742, 0.0255876, 282.843
0.076201, 0.0255876, 282.843
0.0658895, 0.0239491, 282.843
0.0668193, 0.0239491, 282.843
0.0476582, 0.03257, 282.843
0.106734, 0.03257, 282.843
0.0873325, 0.034858, 282.843
0.0880169, 0.034858, 282.843
0.0464279, 0.0274855, 282.843
0.0878244, 0.0274855, 282.843
0.0639934, 0.0282088, 282.843
0.0973405, 0.0282088, 282.843
0.0765992, 0.0266285, 282.843
0.0918112, 0.0266285, 282.843
0.0886919, 0.0270853, 282.843
0.0993113, 0.0270853, 282.843
0.0764816, 0.0236074, 282.843
0.0798069, 0.0236074, 282.843
0.106782, 0.0254553, 282.843
0.096327, 0.0254553, 282.843
0.0986743, 0.0358602, 282.843
0.0947542, 0.0358602, 282.843
0.0705454, 0.0333638, 282.843
0.0870296, 0.0333638, 282.843
0.0990043, 0.0347696, 282.843
0.0937763, 0.0347696, 282.843
0.0621479, 0.0275063, 282.843
0.0826955, 0.0275063, 282.843
0.0658981, 0.0248327, 282.843
0.0808515, 0.0248327, 282.843
0.0804223, 0.0225626, 282.843
0.0810158, 0.0225626, 282.843
0.0299614, 0.0260959, 282.843
0.0722889, 0.0260959, 282.843
0.108672, 0.0260468, 282.843
0.0967072, 0.0260468, 282.843
0.0851237, 0.0258005, 282.843
0.0823746, 0.0258005, 282.843
0.053196, 0.0340327, 282.843
0.0740774, 0.0340327, 282.843
0.0823747, 0.026053, 282.843
0.0894373, 0.026053, 282.843
0.0639921, 0.0337317, 282.843
0.0900994, 0.0337317, 282.843
0.0842345, 0.0305644, 282.843
0.0855364, 0.0305644, 282.843
0.0734921, 0.0304002, 282.843
0.0758337, 0.0304002, 282.843
0.0629296, 0.0262916, 282.843
0.0706091, 0.0262916, 282.843
0.050668, 0.0243344, 282.843
0.0599447, 0.0243344, 282.843
0.08376, 0.0299582, 282.843
0.0861965, 0.0299582, 282.843
0.0937469, 0.0332948, 282.843
0.092036, 0.0332948, 282.843
0.11492, 0.0339383, 282.843
0.122247, 0.0339383, 282.843
0.126223, 0.0299328, 282.843
0.0540454, 0.0299328, 282.843
0.0468151, 0.0266691, 282.843
0.125366, 0.0266691, 282.843
0.0828565, 0.0256874, 282.843
0.0816172, 0.0256874, 282.843
0.0640288, 0.0258041, 282.843
0.0912611, 0.0258041, 282.843
0.0684141, 0.0357844, 282.843
0.0679515, 0.0357844, 282.843
0.0713501, 0.0363715, 282.843
0.0725608, 0.0363715, 282.843
0.0835343, 0.025464, 282.843
0.0996076, 0.025464, 282.843
0.0485429, 0.0318584, 282.843
0.0924007, 0.0318584, 282.843
0.0867398, 0.0316326, 282.843
0.0941053, 0.0316326, 282.843
0.0806344, 0.0306626, 282.843
0.0908085, 0.0306626, 282.843
0.0357998, 0.0279921, 282.843
0.091915, 0.0279921, 282.843
0.0378762, 0.0307022, 282.843
0.0802682, 0.0307022, 282.843
0.0704187, 0.0318782, 282.843
0.0677184, 0.0318782, 282.843
0.0379986, 0.0297696, 282.843
0.0815321, 0.0297696, 282.843
0.252756, 0.0304541, 282.843
0.0414411, 0.0304541, 282.843
0.0908202, 0.0390988, 282.843
0.0986638, 0.0390988, 282.843
0.0994086, 0.0319028, 282.843
0.105389, 0.0319028, 282.843
0.0924016, 0.0253783, 282.843
0.0935764, 0.0253783, 282.843
0.0745456, 0.032436, 282.843
0.0728257, 0.032436, 282.843
0.0855722, 0.0265168, 282.843
0.0984522, 0.0265168, 282.843
0.121409, 0.0272965, 282.843
0.11903, 0.0272965, 282.843
0.0680253, 0.0299267, 282.843
0.0904193, 0.0299267, 282.843
0.0718867, 0.0378587, 282.843
0.0744033, 0.0378587, 282.843
0.0831332, 0.0241671, 282.843
0.0818628, 0.0241671, 282.843
0.0702923, 0.0367699, 282.843
0.0752875, 0.0367699, 282.843
0.0912608, 0.0291249, 282.843
0.0923091, 0.0291249, 282.843
0.0767551, 0.034662, 282.843
0.0758359, 0.034662, 282.843
0.064432, 0.0298538, 282.843
0.0729309, 0.0298538, 282.843
0.0826759, 0.0297911, 282.843
0.0922594, 0.0297911, 282.843
0.0575078, 0.0307706, 282.843
0.075775, 0.0307706, 282.843
0.0741883, 0.0284079, 282.843
0.0868285, 0.0284079, 282.843
0.0862903, 0.0220818, 282.843
0.109801, 0.0220818, 282.843
0.0837034, 0.0296753, 282.843
0.0954333, 0.0296753, 282.843
0.103083, 0.0277703, 282.843
0.110751, 0.0277703, 282.843
0.0909057, 0.0284311, 282.843
0.0873774, 0.0284311, 282.843
0.0449085, 0.0250421, 282.843
0.110488, 0.0250421, 282.843
0.0749085, 0.0360027, 282.843
0.0840254, 0.0360027, 282.843
0.0504412, 0.0331094, 282.843
0.0912352, 0.0331094, 282.843
0.0880963, 0.0344464, 282.843
0.0979212, 0.0344464, 282.843
0.0698616, 0.0250722, 282.843
0.106892, 0.0250722, 282.843
0.0994019, 0.0295484, 282.843
0.127185, 0.0295484, 282.843
0.0585955, 0.0282786, 282.843
0.121675, 0.0282786, 282.843
0.102779, 0.0270782, 282.843
0.0919878, 0.0270782, 282.843
0.0736574, 0.0271541, 282.843
0.0770793, 0.0271541, 282.843
0.0660845, 0.0317198, 282.843
0.0660552, 0.0317198, 282.843
0.150284, 0.0319627, 282.843
0.0397544, 0.0319627, 282.843
0.0938643, 0.0238961, 282.843
0.123113, 0.0238961, 282.843
0.0744413, 0.026832, 282.843
0.0713754, 0.026832, 282.843
0.127391, 0.0253637, 282.843
0.0451247, 0.0253637, 282.843
0.0839827, 0.0313742, 282.843
0.0871213, 0.0313742, 282.843
0.0975108, 0.0250672, 282.843
0.0908406, 0.0250672, 282.843
0.104927, 0.0286637, 282.843
0.0610948, 0.0286637, 282.843
0.14517, 0.0284934, 282.843
0.0471239, 0.0284934, 282.843
0.10716, 0.0314208, 282.843
0.0949898, 0.0314208, 282.843
0.5, 0.0264007, 282.843
0.0210192, 0.0264007, 282.843
0.128925, 0.0320819, 282.843
0.121603, 0.0320819, 282.843
0.176417, 0.0235913, 282.843
0.0824637, 0.0235913, 282.843
0.168321, 0.0353507, 282.843
0.0319787, 0.0353507, 282.843
0.0753909, 0.024604, 282.843
0.0759311, 0.024604, 282.843
0.0665415, 0.0323791, 282.843
0.0638746, 0.0323791, 282.843
0.1576, 0.0244112, 282.843
0.0312907, 0.0244112, 282.843
0.104088, 0.0269068, 282.843
0.0934927, 0.0269068, 282.843
0.0727044, 0.02559, 282.843
0.0747557, 0.02559, 282.843
0.148992, 0.0247203, 282.843
0.024389, 0.0247203, 282.843
0.0712673, 0.0242762, 282.843
0.0747759, 0.0242762, 282.843
0.0549594, 0.0267533, 282.843
0.120733, 0.0267533, 282.843
0.0761038, 0.0320313, 282.843
0.0892839, 0.0320313, 282.843
0.0700936, 0.0297088, 282.843
0.0859386, 0.0297088, 282.843
0.0941328, 0.0323418, 282.843
0.107856, 0.0323418, 282.843
0.108648, 0.031951, 282.843
0.110017, 0.031951, 282.843
0.0775766, 0.0317541, 282.843
0.0959023, 0.0317541, 282.843
0.0721939, 0.0296408, 282.843
0.0837634, 0.0296408, 282.843
0.082383, 0.0242422, 282.843
0.0832817, 0.0242422, 282.843
0.123413, 0.0250931, 282.843
0.105398, 0.0250931, 282.843
0.0977134, 0.0266041, 282.843
0.094351, 0.0266041, 282.843
0.0590896, 0.0322775, 282.843
0.0667677, 0.0322775, 282.843
0.0821599, 0.0287092, 282.843
0.0625036, 0.0287092, 282.843
0.0844101, 0.0338815, 282.843
0.0819531, 0.0338815, 282.843
0.0858842, 0.0334446, 282.843
0.0608048, 0.0334446, 282.843
0.0828143, 0.0281597, 282.843
0.0731042, 0.0281597, 282.843
0.0758223, 0.0272516, 282.843
0.0899826, 0.0272516, 282.843
0.0830441, 0.0257243, 282.843
0.0907464, 0.0257243, 282.843
0.5, 0.0261169, 282.843
0.0388036, 0.0261169, 282.843
0.136053, 0.0320522, 282.843
0.122853, 0.0320522, 282.843
0.114589, 0.0282736, 282.843
0.07682, 0.0282736, 282.843
0.15741, 0.0287146, 282.843
0.0249173, 0.0287146, 282.843
0.10966, 0.0270952, 282.843
0.108582, 0.0270952, 282.843
0.098233, 0.0254841, 282.843
0.10285, 0.0254841, 282.843
0.128771, 0.0284741, 282.843
0.0537135, 0.0284741, 282.843
0.134702, 0.0319667, 282.843
0.123783, 0.0319667, 282.843
0.0960407, 0.0281477, 282.843
0.112587, 0.0281477, 282.843
0.129161, 0.0263217, 282.843
0.127922, 0.0263217, 282.843
0.0840328, 0.0277109, 282.843
0.0644559, 0.0277109, 282.843
0.0866511, 0.0299633, 282.843
0.0846415, 0.0299633, 282.843
0.150658, 0.0296162, 282.843
0.0795117, 0.0296162, 282.843
0.0642695, 0.0225927, 282.843
0.0750491, 0.0225927, 282.843
0.148891, 0.030411, 282.843
0.027814, 0.030411, 282.843
0.0668626, 0.0258783, 282.843
0.0666912, 0.0258783, 282.843
0.0705807, 0.0270191, 282.843
0.125084, 0.0270191, 282.843
0.111264, 0.0294913, 282.843
0.119391, 0.0294913, 282.843
0.0858358, 0.0246862, 282.843
0.159314, 0.0246862, 282.843
0.0567739, 0.0272167, 282.843
0.213206, 0.0272167, 282.843
0.128875, 0.0324062, 282.843
0.119081, 0.0324062, 282.843
0.5, 0.0262635, 282.843
0.0219064, 0.0262635, 282.843
0.0499398, 0.0301436, 282.843
0.181874, 0.0301436, 282.843
0.0859821, 0.02673, 282.843
0.0918074, 0.02673, 282.843
0.125983, 0.0331717, 282.843
0.107405, 0.0331717, 282.843
0.145167, 0.032976, 282.843
0.0537228, 0.032976, 282.843
0.10081, 0.0275768, 282.843
0.110935, 0.0275768, 282.843
0.0661107, 0.025531, 282.843
0.127831, 0.025531, 282.843
0.5, 0.0378184, 282.843
0.0836192, 0.0378184, 282.843
0.0697156, 0.0319201, 282.843
0.0729763, 0.0319201, 282.843
0.0667629, 0.0269821, 282.843
0.0671444, 0.0269821, 282.843
0.0562949, 0.0286648, 282.843
0.0725194, 0.0286648, 282.843
0.0700182, 0.0280028, 282.843
0.0663829, 0.0280028, 282.843
0.0679511, 0.0276856, 282.843
0.0809843, 0.0276856, 282.843
0.0678696, 0.0241791, 282.843
0.0544562, 0.0241791, 282.843
0.0632249, 0.0337293, 282.843
0.0686867, 0.0337293, 282.843
0.112473, 0.0261921, 282.843
0.105749, 0.0261921, 282.843
0.088667, 0.0279385, 282.843
0.0874246, 0.0279385, 282.843
0.123149, 0.0248039, 282.843
0.104987, 0.0248039, 282.843
0.080637, 0.032447, 282.843
0.0938047, 0.032447, 282.843
0.094848, 0.0347097, 282.843
0.0888791, 0.0347097, 282.843
0.0515676, 0.0318786, 282.843
0.0821604, 0.0318786, 282.843
0.0943099, 0.0291011, 282.843
0.0887463, 0.0291011, 282.843
0.0780323, 0.0233091, 282.843
0.0791204, 0.0233091, 282.843
0.0438681, 0.0307141, 282.843
0.0726832, 0.0307141, 282.843
0.120129, 0.024859, 282.843
0.0481869, 0.024859, 282.843
0.13149, 0.0340302, 282.843
0.0402073, 0.0340302, 282.843
0.0862807, 0.0314241, 282.843
0.0836937, 0.0314241, 282.843
0.0572239, 0.0244865, 282.843
0.0872624, 0.0244865, 282.843
0.0944823, 0.0266747, 282.843
0.112918, 0.0266747, 282.843
0.0924069, 0.0296182, 282.843
0.100855, 0.0296182, 282.843
0.0497774, 0.0241532, 282.843
0.15288, 0.0241532, 282.843
0.0852403, 0.0295125, 282.843
0.0947747, 0.0295125, 282.843
0.0881116, 0.0281288, 282.843
0.0892549, 0.0281288, 282.843
0.0776766, 0.0284643, 282.843
0.0883246, 0.0284643, 282.843
0.115442, 0.0262013, 282.843
0.108075, 0.0262013, 282.843
0.048101, 0.0288839, 282.843
0.176892, 0.0288839, 282.843
0.080069, 0.0296229, 282.843
0.0903937, 0.0296229, 282.843
0.093278, 0.0263963, 282.843
0.113114, 0.0263963, 282.843
0.0954706, 0.0306319, 282.843
0.11262, 0.0306319, 282.843
0.0792544, 0.0237442, 282.843
0.0837401, 0.0237442, 282.843
0.0664036, 0.0300425, 282.843
0.0649565, 0.0300425, 282.843
0.137358, 0.03365, 282.843
0.0904661, 0.03365, 282.843
0.112722, 0.0258357, 282.843
0.0425874, 0.0258357, 282.843
0.0722411, 0.0276557, 282.843
0.0434366, 0.0276557, 282.843
0.0375031, 0.0305306, 282.843
0.209857, 0.0305306, 282.843
0.0824457, 0.0280971, 282.843
0.081735, 0.0280971, 282.843
0.0887135, 0.0281978, 282.843
0.0858729, 0.0281978, 282.843
0.0438084, 0.0315808, 282.843
0.148057, 0.0315808, 282.843
0.152936, 0.0241808, 282.843
0.180912, 0.0241808, 282.843
0.146746, 0.029868, 282.843
0.0358676, 0.029868, 282.843
0.0273777, 0.0235114, 282.843
0.215637, 0.0235114, 282.843
0.046163, 0.0275856, 282.843
0.134744, 0.0275856, 282.843
0.0485265, 0.0273636, 282.843
0.164937, 0.0273636, 282.843
0.0803101, 0.0237759, 282.843
0.0803096, 0.0237759, 282.843
0.132164, 0.0300463, 282.843
0.0859685, 0.0300463, 282.843
0.093211, 0.0255074, 282.843
0.0664075, 0.0255074, 282.843
0.0684784, 0.024271, 282.843
0.0948866, 0.024271, 282.843
0.0984792, 0.0335181, 282.843
0.118996, 0.0335181, 282.843
0.0879754, 0.0303982, 282.843
0.106426, 0.0303982, 282.843
0.123046, 0.0281855, 282.843
0.110028, 0.0281855, 282.843
0.0743085, 0.0270241, 282.843
0.0701862, 0.0270241, 282.843
0.0762744, 0.0327507, 282.843
0.0768452, 0.0327507, 282.843
0.0810856, 0.0220637, 282.843
0.0796927, 0.0220637, 282.843
0.0672421, 0.0292016, 282.843
0.102463, 0.0292016, 282.843
0.136177, 0.0335195, 282.843
0.0673627, 0.0335195, 282.843
0.194012, 0.032164, 282.843
0.0677122, 0.032164, 282.843
0.129756, 0.0283415, 282.843
0.118574, 0.0283415, 282.843
0.151825, 0.0339224, 282.843
0.0471743, 0.0339224, 282.843
0.0516812, 0.0275296, 282.843
0.130623, 0.0275296, 282.843
0.103213, 0.0298257, 282.843
0.109795, 0.0298257, 282.843
0.0960676, 0.0341714, 282.843
0.0782594, 0.0341714, 282.843
0.0495784, 0.0330389, 282.843
0.122083, 0.0330389, 282.843
0.103481, 0.0347168, 282.843
0.120817, 0.0347168, 282.843
0.0573817, 0.0315894, 282.843
0.146941, 0.0315894, 282.843
0.0910535, 0.0363351, 282.843
0.114315, 0.0363351, 282.843
0.0976526, 0.0287549, 282.843
0.115525, 0.0287549, 282.843
0.10586, 0.0274113, 282.843
0.115919, 0.0274113, 282.843
0.0950702, 0.0286549, 282.843
0.0899979, 0.0286549, 282.843
0.0710348, 0.0284601, 282.843
0.0727532, 0.0284601, 282.843
0.129255, 0.0310598, 282.843
0.125961, 0.0310598, 282.843
0.104258, 0.0313082, 282.843
0.113998, 0.0313082, 282.843
0.076239, 0.0240082, 282.843
0.0731489, 0.0240082, 282.843
0.105363, 0.0311774, 282.843
0.107714, 0.0311774, 282.843
0.153827, 0.0233027, 282.843
0.0301316, 0.0233027, 282.843
0.079538, 0.0323159, 282.843
0.0870316, 0.0323159, 282.843
0.128223, 0.0278417, 282.843
0.106438, 0.0278417, 282.843
0.145651, 0.0278602, 282.843
0.0667584, 0.0278602, 282.843
0.0301088, 0.0257145, 282.843
0.172732, 0.0257145, 282.843
0.0585324, 0.0250442, 282.843
0.205184, 0.0250442, 282.843
0.0363214, 0.0270639, 282.843
0.161348, 0.0270639, 282.843
0.12769, 0.0280335, 282.843
0.0616784, 0.0280335, 282.843
0.0678272, 0.0272271, 282.843
0.0693905, 0.0272271, 282.843
0.0608368, 0.0347753, 282.843
0.0952628, 0.0347753, 282.843
0.0906767, 0.0357948, 282.843
0.093625, 0.0357948, 282.843
0.13126, 0.0352357, 282.843
0.111376, 0.0352357, 282.843
0.126059, 0.0219812, 282.843
0.101668, 0.0219812, 282.843
0.0944305, 0.0367021, 282.843
0.0960123, 0.0367021, 282.843
0.0587249, 0.0209651, 282.843
0.0827919, 0.0209651, 282.843
0.0787752, 0.0211221, 282.843
0.0816078, 0.0211221, 282.843
0.0881315, 0.0238029, 282.843
0.0926986, 0.0238029, 282.843
0.0961333, 0.0282495, 282.843
0.0954831, 0.0282495, 282.843
0.5, 0.0278441, 282.843
0.0656277, 0.0278441, 282.843
0.100283, 0.0285532, 282.843
0.129863, 0.0285532, 282.843
0.117625, 0.0321235, 282.843
0.113219, 0.0321235, 282.843
0.0908995, 0.0214706, 282.843
0.0907811, 0.0214706, 282.843
0.0770859, 0.020407, 282.843
0.0874099, 0.020407, 282.843
0.082616, 0.0295307, 282.843
0.11414, 0.0295307, 282.843
0.0439442, 0.0259667, 282.843
0.128933, 0.0259667, 282.843
0.12953, 0.0306985, 282.843
0.0906998, 0.0306985, 282.843
0.157321, 0.0253174, 282.843
0.0415737, 0.0253174, 282.843
0.0622141, 0.0324418, 282.843
0.191927, 0.0324418, 282.843
0.0780915, 0.0307754, 282.843
0.0700619, 0.0307754, 282.843
0.0590289, 0.0283539, 282.843
0.0797925, 0.0283539, 282.843
0.114043, 0.0227614, 282.843
0.0963619, 0.0227614, 282.843
0.139277, 0.0285737, 282.843
0.0920775, 0.0285737, 282.843
0.135481, 0.0323729, 282.843
0.0344316, 0.0323729, 282.843
0.0942969, 0.0338757, 282.843
0.088245, 0.0338757, 282.843
0.0601142, 0.0217734, 282.843
0.0967402, 0.0217734, 282.843
0.146331, 0.0234244, 282.843
0.0286291, 0.0234244, 282.843
0.166642, 0.0291771, 282.843
0.0371265, 0.0291771, 282.843
0.0262506, 0.0227608, 282.843
0.204876, 0.0227608, 282.843
0.0728884, 0.0273273, 282.843
0.0732048, 0.0273273, 282.843
0.0964143, 0.0286459, 282.843
0.0908353, 0.0286459, 282.843
0.0788833, 0.0259183, 282.843
0.0919535, 0.0259183, 282.843
0.0693901, 0.030433, 282.843
0.0879043, 0.030433, 282.843
0.126437, 0.0222873, 282.843
0.101739, 0.0222873, 282.843
0.0938382, 0.032947, 282.843
0.0909073, 0.032947, 282.843
0.0936908, 0.0272876, 282.843
0.076227, 0.0272876, 282.843
0.0715871, 0.0314725, 282.843
0.191564, 0.0314725, 282.843
0.0463511, 0.0323014, 282.843
0.138702, 0.0323014, 282.843
0.147713, 0.0277178, 282.843
0.127021, 0.0277178, 282.843
0.0479865, 0.0324141, 282.843
0.124158, 0.0324141, 282.843
0.155614, 0.0259089, 282.843
0.0556125, 0.0259089, 282.843
0.124415, 0.0331042, 282.843
0.111265, 0.0331042, 282.843
0.145083, 0.0276475, 282.843
0.124997, 0.0276475, 282.843
0.12898, 0.0282827, 282.843
0.119016, 0.0282827, 282.843
0.0906615, 0.0233284, 282.843
0.106003, 0.0233284, 282.843
0.128957, 0.0240399, 282.843
0.124984, 0.0240399, 282.843
0.118893, 0.0291152, 282.843
0.11128, 0.0291152, 282.843
0.0502045, 0.027578, 282.843
0.21909, 0.027578, 282.843
0.128138, 0.0333929, 282.843
0.126405, 0.0333929, 282.843
0.0451092, 0.023045, 282.843
0.186371, 0.023045, 282.843
0.104684, 0.0278846, 282.843
0.106607, 0.0278846, 282.843
0.0602532, 0.0314778, 282.843
0.0982026, 0.0314778, 282.843
0.0284006, 0.0235512, 282.843
0.218988, 0.0235512, 282.843
0.0758596, 0.0315647, 282.843
0.118735, 0.0315647, 282.843
0.12346, 0.0330158, 282.843
0.0875962, 0.0330158, 282.843
0.0548443, 0.0242099, 282.843
0.118818, 0.0242099, 282.843
0.125241, 0.0237791, 282.843
0.112833, 0.0237791, 282.843
0.136488, 0.0316358, 282.843
0.125456, 0.0316358, 282.843
0.122527, 0.0269798, 282.843
0.077928, 0.0269798, 282.843
0.0610833, 0.0295732, 282.843
0.190104, 0.0295732, 282.843
0.109149, 0.030302, 282.843
0.196034, 0.030302, 282.843
0.123206, 0.0278768, 282.843
0.109684, 0.0278768, 282.843
0.09703, 0.0363566, 282.843
0.0980239, 0.0363566, 282.843
0.102526, 0.0328485, 282.843
0.120831, 0.0328485, 282.843
0.0955742, 0.0228595, 282.843
0.104748, 0.0228595, 282.843
0.0605764, 0.0293608, 282.843
0.0901129, 0.0293608, 282.843
0.114544, 0.021534, 282.843
0.104338, 0.021534, 282.843
0.0648105, 0.0276802, 282.843
0.139102, 0.0276802, 282.843
0.0839243, 0.0269521, 282.843
0.0882603, 0.0269521, 282.843
0.0449052, 0.0278252, 282.843
0.119701, 0.0278252, 282.843
0.162559, 0.0315622, 282.843
0.0568053, 0.0315622, 282.843
0.110133, 0.0263173, 282.843
0.180767, 0.0263173, 282.843
0.0768127, 0.0225408, 282.843
0.105414, 0.0225408, 282.843
0.191868, 0.0365684, 282.843
0.192877, 0.0365684, 282.843
0.108782, 0.0253679, 282.843
0.0919216, 0.0253679, 282.843
0.0689115, 0.0360032, 282.843
0.0915368, 0.0360032, 282.843
0.0487843, 0.026092, 282.843
0.0899126, 0.026092, 282.843
0.286572, 0.0301569, 282.843
0.0730263, 0.0301569, 282.843
0.083177, 0.0275923, 282.843
0.0831458, 0.0275923, 282.843
0.06881, 0.0263885, 282.843
0.0605296, 0.0263885, 282.843
0.0822419, 0.0285481, 282.843
0.0510419, 0.0285481, 282.843
0.111107, 0.0291357, 282.843
0.0817666, 0.0291357, 282.843
0.0797008, 0.0324843, 282.843
0.0763194, 0.0324843, 282.843
0.0711356, 0.025507, 282.843
0.108538, 0.025507, 282.843
0.0480538, 0.0345089, 282.843
0.113935, 0.0345089, 282.843
0.0662522, 0.032261, 282.843
0.128038, 0.032261, 282.843
0.0817453, 0.030318, 282.843
0.11875, 0.030318, 282.843
0.0942873, 0.0244073, 282.843
0.107519, 0.0244073, 282.843
0.0430762, 0.0283015, 282.843
0.13071, 0.0283015, 282.843
0.076708, 0.0263614, 282.843
0.0303123, 0.0263614, 282.843
0.0754858, 0.0219857, 282.843
0.0711582, 0.0219857, 282.843
0.140731, 0.0268351, 282.843
0.15117, 0.0268351, 282.843
0.0476119, 0.0268209, 282.843
0.097079, 0.0268209, 282.843
0.0420092, 0.0262343, 282.843
0.198333, 0.0262343, 282.843
0.0523759, 0.0320465, 282.843
0.0739519, 0.0320465, 282.843
0.0672873, 0.0291596, 282.843
0.2003, 0.0291596, 282.843
0.0691499, 0.0209687, 282.843
0.0814341, 0.0209687, 282.843
0.0990693, 0.035875, 282.843
0.062418, 0.035875, 282.843
0.0862994, 0.0227902, 282.843
0.104946, 0.0227902, 282.843
0.0883159, 0.0234249, 282.843
0.111292, 0.0234249, 282.843
0.0913329, 0.0212498, 282.843
0.0864521, 0.0212498, 282.843
0.0770116, 0.0255935, 282.843
0.0983196, 0.0255935, 282.843
0.118049, 0.0317431, 282.843
0.0756062, 0.0317431, 282.843
0.120082, 0.0263134, 282.843
0.102219, 0.0263134, 282.843
0.0263714, 0.0217985, 282.843
0.118136, 0.0217985, 282.843
0.0881624, 0.0306804, 282.843
0.0821423, 0.0306804, 282.843
0.121331, 0.0320568, 282.843
0.104471, 0.0320568, 282.843
0.0265846, 0.0221586, 282.843
0.13845, 0.0221586, 282.843
0.0581475, 0.0278422, 282.843
0.153762, 0.0278422, 282.843
0.101656, 0.0280815, 282.843
0.102182, 0.0280815, 282.843
0.0476716, 0.0237302, 282.843
0.0829269, 0.0237302, 282.843
0.124684, 0.0335318, 282.843
0.0571929, 0.0335318, 282.843
0.0817162, 0.0305456, 282.843
0.0960947, 0.0305456, 282.843
0.0893844, 0.0232899, 282.843
0.0904664, 0.0232899, 282.843
0.116743, 0.0328099, 282.843
0.0946822, 0.0328099, 282.843
0.116159, 0.0332495, 282.843
0.0489107, 0.0332495, 282.843
0.0897244, 0.0222264, 282.843
0.106675, 0.0222264, 282.843
0.251458, 0.0353292, 282.843
0.0774711, 0.0353292, 282.843
0.0806001, 0.0205635, 282.843
0.0799156, 0.0205635, 282.843
0.0848437, 0.0320679, 282.843
0.0929961, 0.0320679, 282.843
0.0979313, 0.0288292, 282.843
0.122755, 0.0288292, 282.843
0.0817071, 0.024712, 282.843
0.12595, 0.024712, 282.843
0.111278, 0.0344385, 282.843
0.0925719, 0.0344385, 282.843
0.0761845, 0.0253828, 282.843
0.0810424, 0.0253828, 282.843
0.155841, 0.0240122, 282.843
0.0839823, 0.0240122, 282.843
0.068316, 0.0269731, 282.843
0.142079, 0.0269731, 282.843
0.110262, 0.0303185, 282.843
0.0565773, 0.0303185, 282.843
0.17292, 0.0262847, 282.843
0.0594707, 0.0262847, 282.843
0.0735462, 0.0346621, 282.843
0.101804, 0.0346621, 282.843
0.0964875, 0.0316771, 282.843
0.0922674, 0.0316771, 282.843
0.0415346, 0.0387581, 282.843
0.0986943, 0.0387581, 282.843
0.160308, 0.0310459, 282.843
0.0687151, 0.0310459, 282.843
0.155314, 0.0295975, 282.843
0.136647, 0.0295975, 282.843
0.0635252, 0.0250551, 282.843
0.113256, 0.0250551, 282.843
0.111938, 0.0231403, 282.843
0.0476254, 0.0231403, 282.843
0.0829735, 0.0337959, 282.843
0.0865831, 0.0337959, 282.843
0.0984592, 0.0349828, 282.843
0.0988322, 0.0349828, 282.843
0.103967, 0.0339701, 282.843
0.100262, 0.0339701, 282.843
0.0895922, 0.0335571, 282.843
0.0859947, 0.0335571, 282.843
0.0974399, 0.0277281, 282.843
0.0572083, 0.0277281, 282.843
0.0926591, 0.026407, 282.843
0.124567, 0.026407, 282.843
0.0705581, 0.0372546, 282.843
0.124953, 0.0372546, 282.843
0.167751, 0.0215392, 282.843
0.0725, 0.0215392, 282.843
0.0947972, 0.0218831, 282.843
0.0980404, 0.0218831, 282.843
0.137341, 0.0287688, 282.843
0.12741, 0.0287688, 282.843
0.129997, 0.0305466, 282.843
0.0558729, 0.0305466, 282.843
0.0616428, 0.0335917, 282.843
0.192665, 0.0335917, 282.843
0.118263, 0.0266768, 282.843
0.123319, 0.0266768, 282.843
0.0393234, 0.0229773, 282.843
0.185256, 0.0229773, 282.843
0.096747, 0.0300512, 282.843
0.123312, 0.0300512, 282.843
0.421045, 0.0268988, 282.843
0.0274094, 0.0268988, 282.843
0.0702583, 0.0341561, 282.843
0.105483, 0.0341561, 282.843
0.0480132, 0.0336183, 282.843
0.17927, 0.0336183, 282.843
0.12839, 0.0259311, 282.843
0.106072, 0.0259311, 282.843
0.13959, 0.0232087, 282.843
0.0973897, 0.0232087, 282.843
0.109762, 0.0294529, 282.843
0.124635, 0.0294529, 282.843
0.344508, 0.0330882, 282.843
0.0508713, 0.0330882, 282.843
0.0830954, 0.0291803, 282.843
0.115396, 0.0291803, 282.843
0.0371108, 0.0238529, 282.843
0.0928515, 0.0238529, 282.843
0.106286, 0.0336713, 282.843
0.109751, 0.0336713, 282.843
0.093167, 0.0305589, 282.843
0.0512686, 0.0305589, 282.843
0.0282021, 0.0289103, 282.843
0.179806, 0.0289103, 282.843
0.0387204, 0.0227896, 282.843
0.200629, 0.0227896, 282.843
0.069119, 0.0300786, 282.843
0.100043, 0.0300786, 282.843
0.0639296, 0.035324, 282.843
0.140243, 0.035324, 282.843
0.0607084, 0.0364185, 282.843
0.140657, 0.0364185, 282.843
0.107606, 0.0239947, 282.843
0.0598631, 0.0239947, 282.843
0.14801, 0.0258327, 282.843
0.0582441, 0.0258327, 282.843
0.0710568, 0.0275496, 282.843
0.225154, 0.0275496, 282.843
0.084724, 0.0208022, 282.843
0.0826164, 0.0208022, 282.843
0.0528678, 0.0274114, 282.843
0.136184, 0.0274114, 282.843
0.168003, 0.0328902, 282.843
0.0957928, 0.0328902, 282.843
0.130078, 0.0238438, 282.843
0.0927458, 0.0238438, 282.843
0.0690652, 0.0337264, 282.843
0.108718, 0.0337264, 282.843
0.111156, 0.0270518, 282.843
0.104245, 0.0270518, 282.843
0.0372481, 0.0280317, 282.843
0.070961, 0.0280317, 282.843
0.113019, 0.0338699, 282.843
0.0926076, 0.0338699, 282.843
0.0953903, 0.032201, 282.843
0.0621034, 0.032201, 282.843
0.0829403, 0.0317487, 282.843
0.101848, 0.0317487, 282.843
0.168382, 0.0309759, 282.843
0.0790329, 0.0309759, 282.843
0.0246952, 0.0318695, 282.843
0.157428, 0.0318695, 282.843
0.0496919, 0.0296302, 282.843
0.101011, 0.0296302, 282.843
0.0765267, 0.0257478, 282.843
0.105564, 0.0257478, 282.843
0.0712036, 0.0380071, 282.843
0.126237, 0.0380071, 282.843
0.0795561, 0.0246126, 282.843
0.123379, 0.0246126, 282.843
0.104212, 0.0294081, 282.843
0.123642, 0.0294081, 282.843
0.0978689, 0.0283828, 282.843
0.119143, 0.0283828, 282.843
0.159196, 0.0304692, 282.843
0.0918703, 0.0304692, 282.843
0.0486537, 0.0246359, 282.843
0.135913, 0.0246359, 282.843
0.145528, 0.0251743, 282.843
0.108115, 0.0251743, 282.843
0.126356, 0.034164, 282.843
0.0772668, 0.034164, 282.843
0.070471, 0.025379, 282.843
0.114068, 0.025379, 282.843
0.0608101, 0.0306848, 282.843
0.195459, 0.0306848, 282.843
0.100928, 0.0248174, 282.843
0.079686, 0.0248174, 282.843
0.125561, 0.0313566, 282.843
0.110258, 0.0313566, 282.843
0.177135, 0.0300289, 282.843
0.102408, 0.0300289, 282.843
0.0771184, 0.021875, 282.843
0.137286, 0.021875, 282.843
0.136227, 0.0304607, 282.843
0.0836655, 0.0304607, 282.843
0.0752032, 0.0321806, 282.843
0.138238, 0.0321806, 282.843
0.0837235, 0.0348488, 282.843
0.139951, 0.0348488, 282.843
0.0394764, 0.0285948, 282.843
0.114846, 0.0285948, 282.843
0.11498, 0.0249943, 282.843
0.0994016, 0.0249943, 282.843
0.143585, 0.0297601, 282.843
0.116452, 0.0297601, 282.843
0.0472841, 0.0300942, 282.843
0.197724, 0.0300942, 282.843
0.093768, 0.0275987, 282.843
0.0855267, 0.0275987, 282.843
0.428634, 0.0281981, 282.843
0.0295285, 0.0281981, 282.843
0.0362207, 0.0234637, 282.843
0.0999381, 0.0234637, 282.843
0.135431, 0.0259158, 282.843
0.0788512, 0.0259158, 282.843
0.0686307, 0.0335951, 282.843
0.0865052, 0.0335951, 282.843
0.100867, 0.0284154, 282.843
0.100754, 0.0284154, 282.843
0.0389878, 0.0340045, 282.843
0.195609, 0.0340045, 282.843
0.0878703, 0.0229213, 282.843
0.11411, 0.0229213, 282.843
0.0538004, 0.0319903, 282.843
0.0731062, 0.0319903, 282.843
0.151713, 0.0268587, 282.843
0.13678, 0.0268587, 282.843
0.108504, 0.0297107, 282.843
0.102164, 0.0297107, 282.843
0.118901, 0.0306797, 282.843
0.127475, 0.0306797, 282.843
0.0437679, 0.0234855, 282.843
0.187556, 0.0234855, 282.843
0.115297, 0.0320295, 282.843
0.105528, 0.0320295, 282.843
0.0415752, 0.0385815, 282.843
0.0986825, 0.0385815, 282.843
0.0682117, 0.0297062, 282.843
0.0966174, 0.0297062, 282.843
0.0829752, 0.0314079, 282.843
0.0767178, 0.0314079, 282.843
0.119626, 0.0303314, 282.843
0.0900185, 0.0303314, 282.843
0.0249342, 0.0226248, 282.843
0.208632, 0.0226248, 282.843
0.126522, 0.0276884, 282.843
0.0538117, 0.0276884, 282.843
0.0955423, 0.0309842, 282.843
0.192753, 0.0309842, 282.843
0.116547, 0.0351488, 282.843
0.117982, 0.0351488, 282.843
0.128857, 0.0378891, 282.843
0.076025, 0.0378891, 282.843
0.0915446, 0.0366602, 282.843
0.0917018, 0.0366602, 282.843
0.0892067, 0.0242781, 282.843
0.0839025, 0.0242781, 282.843
0.105397, 0.0364115, 282.843
0.0762214, 0.0364115, 282.843
0.0881742, 0.0355252, 282.843
0.0914177, 0.0355252, 282.843
0.0453617, 0.0306898, 282.843
0.0880059, 0.0306898, 282.843
0.152637, 0.0222283, 282.843
0.0611943, 0.0222283, 282.843
0.38648, 0.0278395, 282.843
0.110407, 0.0278395, 282.843
0.24213, 0.0276747, 282.843
0.159927, 0.0276747, 282.843
0.09934, 0.0286104, 282.843
0.0952496, 0.0286104, 282.843
0.0869557, 0.0216594, 282.843
0.0769113, 0.0216594, 282.843
0.0932899, 0.032139, 282.843
0.0738951, 0.032139, 282.843
0.5, 0.0301047, 282.843
0.0814287, 0.0301047, 282.843
0.11899, 0.0343755, 282.843
0.069961, 0.0343755, 282.843
0.0760218, 0.027029, 282.843
0.0306287, 0.027029, 282.843
0.0613366, 0.0363187, 282.843
0.138418, 0.0363187, 282.843
0.0885956, 0.0350112, 282.843
0.112441, 0.0350112, 282.843
0.0855696, 0.0298946, 282.843
0.113232, 0.0298946, 282.843
0.099122, 0.0220036, 282.843
0.106761, 0.0220036, 282.843
0.0826953, 0.0219285, 282.843
0.107707, 0.0219285, 282.843
0.117583, 0.0263252, 282.843
0.0677971, 0.0263252, 282.843
0.122824, 0.0233576, 282.843
0.0619503, 0.0233576, 282.843
0.0966897, 0.0332357, 282.843
0.0431407, 0.0332357, 282.843
0.0970144, 0.0258473, 282.843
0.0706834, 0.0258473, 282.843
0.0861584, 0.0241347, 282.843
0.123933, 0.0241347, 282.843
0.111083, 0.0230135, 282.843
0.108754, 0.0230135, 282.843
0.102668, 0.0232976, 282.843
0.106317, 0.0232976, 282.843
0.220158, 0.0347133, 282.843
0.0435367, 0.0347133, 282.843
0.0883261, 0.0262317, 282.843
0.044051, 0.0262317, 282.843
0.0547169, 0.02558, 282.843
0.153566, 0.02558, 282.843
0.0818672, 0.0270665, 282.843
0.0535393, 0.0270665, 282.843
0.121276, 0.0329838, 282.843
0.083918, 0.0329838, 282.843
0.0811282, 0.0335308, 282.843
0.0630494, 0.0335308, 282.843
0.102227, 0.028683, 282.843
0.106525, 0.028683, 282.843
0.122981, 0.0350022, 282.843
0.153801, 0.0350022, 282.843
0.0544466, 0.0248363, 282.843
0.0953787, 0.0248363, 282.843
0.0916187, 0.023574, 282.843
0.0998609, 0.023574, 282.843
0.01653, 0.029476, 282.843
0.104265, 0.029476, 282.843
0.125904, 0.0243968, 282.843
0.0712349, 0.0243968, 282.843
0.127187, 0.029605, 282.843
0.0638078, 0.029605, 282.843
0.0698717, 0.030436, 282.843
0.0603531, 0.030436, 282.843
0.157179, 0.0311658, 282.843
0.170424, 0.0311658, 282.843
0.153047, 0.0300711, 282.843
0.123202, 0.0300711, 282.843
0.0772933, 0.0244783, 282.843
0.0645399, 0.0244783, 282.843
0.133768, 0.0283181, 282.843
0.0692958, 0.0283181, 282.843
0.0336851, 0.0295996, 282.843
0.175892, 0.0295996, 282.843
0.123545, 0.0369167, 282.843
0.0605437, 0.0369167, 282.843
0.134548, 0.0269062, 282.843
0.0757824, 0.0269062, 282.843
0.0886901, 0.0280864, 282.843
0.0722208, 0.0280864, 282.843
0.123588, 0.02937, 282.843
0.106788, 0.02937, 282.843
0.11363, 0.0268838, 282.843
0.0876903, 0.0268838, 282.843
0.5, 0.0291856, 282.843
0.173541, 0.0291856, 282.843
0.11531, 0.0319166, 282.843
0.125632, 0.0319166, 282.843
0.048715, 0.0291562, 282.843
0.0934319, 0.0291562, 282.843
0.0815744, 0.0217173, 282.843
0.0860744, 0.0217173, 282.843
0.0677857, 0.0244471, 282.843
0.06401, 0.0244471, 282.843
0.212155, 0.0258216, 282.843
0.0323759, 0.0258216, 282.843
0.15077, 0.0226159, 282.843
0.0468972, 0.0226159, 282.843
0.1668, 0.0369451, 282.843
0.213515, 0.0369451, 282.843
0.138516, 0.0307528, 282.843
0.0849079, 0.0307528, 282.843
0.0443692, 0.0278605, 282.843
0.177488, 0.0278605, 282.843
0.0721994, 0.0377793, 282.843
0.12087, 0.0377793, 282.843
0.0162678, 0.0214118, 282.843
0.208224, 0.0214118, 282.843
0.077861, 0.0209495, 282.843
0.0771949, 0.0209495, 282.843
0.0565996, 0.0263722, 282.843
0.0784022, 0.0263722, 282.843
0.10369, 0.0283114, 282.843
0.131064, 0.0283114, 282.843
0.174223, 0.0238068, 282.843
0.033988, 0.0238068, 282.843
0.0922654, 0.0309455, 282.843
0.0594121, 0.0309455, 282.843
0.156604, 0.0272165, 282.843
0.0360339, 0.0272165, 282.843
0.108421, 0.0323275, 282.843
0.12636, 0.0323275, 282.843
0.0443501, 0.0258341, 282.843
0.100781, 0.0258341, 282.843
0.135962, 0.0226463, 282.843
0.107769, 0.0226463, 282.843
0.13625, 0.0346483, 282.843
0.0861696, 0.0346483, 282.843
0.0693049, 0.0300182, 282.843
0.20202, 0.0300182, 282.843
0.063911, 0.0386576, 282.843
0.188119, 0.0386576, 282.843
0.118313, 0.0245713, 282.843
0.0642021, 0.0245713, 282.843
0.5, 0.0225359, 282.843
0.0837495, 0.0225359, 282.843
0.036874, 0.0281656, 282.843
0.149229, 0.0281656, 282.843
0.139139, 0.0263505, 282.843
0.0890066, 0.0263505, 282.843
0.0367829, 0.0273578, 282.843
0.153084, 0.0273578, 282.843
0.0840461, 0.0393023, 282.843
0.205947, 0.0393023, 282.843
0.139397, 0.0284708, 282.843
0.106705, 0.0284708, 282.843
0.0593581, 0.0333352, 282.843
0.144522, 0.0333352, 282.843
0.156531, 0.0251007, 282.843
0.034007, 0.0251007, 282.843
0.0372672, 0.0240998, 282.843
0.183491, 0.0240998, 282.843
0.0454049, 0.0270325, 282.843
0.125068, 0.0270325, 282.843
0.0434265, 0.0288985, 282.843
0.179115, 0.0288985, 282.843
0.0974543, 0.0310402, 282.843
0.0957458, 0.0310402, 282.843
0.0427142, 0.0264848, 282.843
0.158834, 0.0264848, 282.843
0.0734016, 0.0254258, 282.843
0.142661, 0.0254258, 282.843
0.109704, 0.0292846, 282.843
0.103935, 0.0292846, 282.843
0.0372533, 0.0340558, 282.843
0.138742, 0.0340558, 282.843
0.0313883, 0.0281475, 282.843
0.210003, 0.0281475, 282.843
0.25337, 0.0239197, 282.843
0.018601, 0.0239197, 282.843
0.130589, 0.0268078, 282.843
0.170022, 0.0268078, 282.843
0.113453, 0.0307564, 282.843
0.187465, 0.0307564, 282.843
0.0904003, 0.0333873, 282.843
0.107293, 0.0333873, 282.843
0.0174909, 0.0232953, 282.843
0.216925, 0.0232953, 282.843
0.166972, 0.0354703, 282.843
0.102607, 0.0354703, 282.843
0.168488, 0.0299867, 282.843
0.138556, 0.0299867, 282.843
0.149476, 0.0313154, 282.843
0.0782945, 0.0313154, 282.843
0.119813, 0.0359944, 282.843
0.0758378, 0.0359944, 282.843
0.0348054, 0.029292, 282.843
0.213762, 0.029292, 282.843
0.0238022, 0.0241594, 282.843
0.189685, 0.0241594, 282.843
0.0819263, 0.0310873, 282.843
0.153244, 0.0310873, 282.843
0.0915093, 0.027898, 282.843
0.108276, 0.027898, 282.843
0.109954, 0.0262519, 282.843
0.179755, 0.0262519, 282.843
0.12681, 0.0325674, 282.843
0.0592869, 0.0325674, 282.843
0.0442285, 0.0268768, 282.843
0.152017, 0.0268768, 282.843
0.0765586, 0.0354121, 282.843
0.20025, 0.0354121, 282.843
0.110401, 0.0286882, 282.843
0.0650895, 0.0286882, 282.843
0.0258407, 0.0244353, 282.843
0.188282, 0.0244353, 282.843
0.0718018, 0.021455, 282.843
0.10157, 0.021455, 282.843
0.044961, 0.0223743, 282.843
0.161388, 0.0223743, 282.843
0.0189928, 0.0222187, 282.843
0.178982, 0.0222187, 282.843
0.5, 0.0286121, 282.843
0.0535333, 0.0286121, 282.843
0.0372677, 0.0237059, 282.843
0.124818, 0.0237059, 282.843
0.0401305, 0.0352389, 282.843
0.217798, 0.0352389, 282.843
0.0371148, 0.0343395, 282.843
0.139207, 0.0343395, 282.843
0.0627455, 0.0258068, 282.843
0.140948, 0.0258068, 282.843
0.154924, 0.0313598, 282.843
0.169295, 0.0313598, 282.843
0.0355157, 0.0254544, 282.843
0.194387, 0.0254544, 282.843
0.0658282, 0.0324523, 282.843
0.20558, 0.0324523, 282.843
0.154455, 0.0250249, 282.843
0.0338897, 0.0250249, 282.843
0.0455028, 0.0282979, 282.843
0.177142, 0.0282979, 282.843
0.128084, 0.0282581, 282.843
0.102906, 0.0282581, 282.843
0.106244, 0.0215725, 282.843
0.103857, 0.0215725, 282.843
0.131041, 0.0288905, 282.843
0.0798274, 0.0288905, 282.843
0.100749, 0.0348344, 282.843
0.103009, 0.0348344, 282.843
0.0625545, 0.0353387, 282.843
0.138353, 0.0353387, 282.843
0.0619992, 0.0378836, 282.843
0.151452, 0.0378836, 282.843
0.0682279, 0.036772, 282.843
0.0923787, 0.036772, 282.843
0.064272, 0.028983, 282.843
0.11572, 0.028983, 282.843
0.0715084, 0.0306872, 282.843
0.0988707, 0.0306872, 282.843
0.0848107, 0.0331772, 282.843
0.0832957, 0.0331772, 282.843
0.135118, 0.028911, 282.843
0.0637561, 0.028911, 282.843
0.0857178, 0.0275812, 282.843
0.071682, 0.0275812, 282.843
0.5, 0.0290486, 282.843
0.0485927, 0.0290486, 282.843
0.0822877, 0.0223342, 282.843
0.0405847, 0.0223342, 282.843
0.175946, 0.0228706, 282.843
0.0531615, 0.0228706, 282.843
0.0236508, 0.0293683, 282.843
0.202877, 0.0293683, 282.843
0.156838, 0.0309598, 282.843
0.164349, 0.0309598, 282.843
0.13288, 0.0282276, 282.843
0.108087, 0.0282276, 282.843
0.144083, 0.0356131, 282.843
0.0677442, 0.0356131, 282.843
0.490549, 0.0270012, 282.843
0.0712457, 0.0270012, 282.843
0.177469, 0.0290351, 282.843
0.0409766, 0.0290351, 282.843
0.128139, 0.0362215, 282.843
0.0726003, 0.0362215, 282.843
0.151439, 0.0320324, 282.843
0.115751, 0.0320324, 282.843
0.124126, 0.031448, 282.843
0.0880936, 0.031448, 282.843
0.160046, 0.0309291, 282.843
0.136216, 0.0309291, 282.843
0.0768972, 0.0264016, 282.843
0.0616032, 0.0264016, 282.843
0.131869, 0.0282735, 282.843
0.0899605, 0.0282735, 282.843
0.0869658, 0.0276811, 282.843
0.0433682, 0.0276811, 282.843
0.144426, 0.0238862, 282.843
0.0527058, 0.0238862, 282.843
0.0899594, 0.0268571, 282.843
0.0705301, 0.0268571, 282.843
0.106888, 0.0286891, 282.843
0.108479, 0.0286891, 282.843
0.101512, 0.0333755, 282.843
0.04347, 0.0333755, 282.843
0.116561, 0.0347213, 282.843
0.085352, 0.0347213, 282.843
0.155804, 0.0364833, 282.843
0.0687011, 0.0364833, 282.843
0.0703998, 0.0306625, 282.843
0.0631888, 0.0306625, 282.843
0.0866581, 0.0288553, 282.843
0.0779502, 0.0288553, 282.843
0.113119, 0.0266035, 282.843
0.10277, 0.0266035, 282.843
0.0806814, 0.0242408, 282.843
0.0940931, 0.0242408, 282.843
0.103822, 0.0308273, 282.843
0.205812, 0.0308273, 282.843
0.128558, 0.038337, 282.843
0.0877405, 0.038337, 282.843
0.12453, 0.0294829, 282.843
0.0502471, 0.0294829, 282.843
0.147393, 0.0356684, 282.843
0.0571365, 0.0356684, 282.843
0.0905363, 0.0275688, 282.843
0.0730697, 0.0275688, 282.843
0.145885, 0.03679, 282.843
0.159416, 0.03679, 282.843
0.5, 0.0303548, 282.843
0.0803694, 0.0303548, 282.843
0.11739, 0.0334676, 282.843
0.0995546, 0.0334676, 282.843
0.40681, 0.0267917, 282.843
0.0767053, 0.0267917, 282.843
0.128403, 0.0237682, 282.843
0.0665999, 0.0237682, 282.843
0.234556, 0.032688, 282.843
0.0291312, 0.032688, 282.843
0.5, 0.0276959, 282.843
0.074498, 0.0276959, 282.843
0.0982268, 0.0218685, 282.843
0.0682292, 0.0218685, 282.843
0.0623193, 0.0273384, 282.843
0.111598, 0.0273384, 282.843
0.101426, 0.0239308, 282.843
0.106417, 0.0239308, 282.843
0.134119, 0.0253211, 282.843
0.0355386, 0.0253211, 282.843
0.130506, 0.0269657, 282.843
0.077068, 0.0269657, 282.843
0.123014, 0.0247787, 282.843
0.126229, 0.0247787, 282.843
0.0675816, 0.0291402, 282.843
0.0516677, 0.0291402, 282.843
0.117492, 0.0312838, 282.843
0.0816227, 0.0312838, 282.843
0.0905377, 0.0291321, 282.843
0.122906, 0.0291321, 282.843
0.109607, 0.0345571, 282.843
0.0669407, 0.0345571, 282.843
0.0657658, 0.0253016, 282.843
0.0483833, 0.0253016, 282.843
0.0515999, 0.0244519, 282.843
0.059765, 0.0244519, 282.843
0.119058, 0.036963, 282.843
0.132814, 0.036963, 282.843
0.5, 0.0223456, 282.843
0.0485456, 0.0223456, 282.843
0.0953496, 0.0350393, 282.843
0.109707, 0.0350393, 282.843
0.403922, 0.0303623, 282.843
0.0239185, 0.0303623, 282.843
0.107625, 0.0207768, 282.843
0.0939611, 0.0207768, 282.843
0.415765, 0.0326495, 282.843
0.0270176, 0.0326495, 282.843
0.145508, 0.0289869, 282.843
0.0570644, 0.0289869, 282.843
0.101793, 0.0251445, 282.843
0.0936881, 0.0251445, 282.843
0.145754, 0.0300985, 282.843
0.139388, 0.0300985, 282.843
0.151247, 0.0291231, 282.843
0.114682, 0.0291231, 282.843
0.0998273, 0.0212389, 282.843
0.0923782, 0.0212389, 282.843
0.0708059, 0.020755, 282.843
0.0723818, 0.020755, 282.843
0.0596578, 0.0215822, 282.843
0.0802223, 0.0215822, 282.843
0.131943, 0.0281687, 282.843
0.111141, 0.0281687, 282.843
0.0756195, 0.0215047, 282.843
0.0650997, 0.0215047, 282.843
0.127336, 0.0342988, 282.843
0.105008, 0.0342988, 282.843
0.131101, 0.0335364, 282.843
0.0622908, 0.0335364, 282.843
0.131316, 0.0290338, 282.843
0.112064, 0.0290338, 282.843
0.5, 0.0333882, 282.843
0.174828, 0.0333882, 282.843
0.07027, 0.0287728, 282.843
0.178581, 0.0287728, 282.843
0.118471, 0.0338842, 282.843
0.141674, 0.0338842, 282.843
0.0746443, 0.0260121, 282.843
0.0920776, 0.0260121, 282.843
0.0777, 0.0324742, 282.843
0.118327, 0.0324742, 282.843
0.0792796, 0.0352718, 282.843
0.114146, 0.0352718, 282.843
0.149577, 0.0332139, 282.843
0.0695098, 0.0332139, 282.843
0.0548115, 0.0359548, 282.843
0.220059, 0.0359548, 282.843
0.0262931, 0.0278862, 282.843
0.189507, 0.0278862, 282.843
0.163888, 0.0300597, 282.843
0.220015, 0.0300597, 282.843
0.135956, 0.0362202, 282.843
0.0756032, 0.0362202, 282.843
0.141414, 0.0322474, 282.843
0.164828, 0.0322474, 282.843
0.0986604, 0.0223854, 282.843
0.125189, 0.0223854, 282.843
0.157798, 0.0225195, 282.843
0.0397444, 0.0225195, 282.843
0.5, 0.0231125, 282.843
0.227883, 0.0231125, 282.843
0.0863674, 0.0228315, 282.843
0.133934, 0.0228315, 282.843
0.0630704, 0.0292868, 282.843
0.113203, 0.0292868, 282.843
0.0857885, 0.027049, 282.843
0.0512855, 0.027049, 282.843
0.0529124, 0.0261946, 282.843
0.0563936, 0.0261946, 282.843
0.0531375, 0.029123, 282.843
0.189104, 0.029123, 282.843
0.0776462, 0.034711, 282.843
0.107742, 0.034711, 282.843
0.162654, 0.0205959, 282.843
0.115747, 0.0205959, 282.843
0.155093, 0.0272937, 282.843
0.143634, 0.0272937, 282.843
0.0798725, 0.0283939, 282.843
0.0900856, 0.0283939, 282.843
0.128712, 0.0288447, 282.843
0.0666187, 0.0288447, 282.843
0.121597, 0.0256501, 282.843
0.125206, 0.0256501, 282.843
0.129586, 0.0248441, 282.843
0.161327, 0.0248441, 282.843
0.0859303, 0.031385, 282.843
0.179175, 0.031385, 282.843
0.0719041, 0.0342689, 282.843
0.0810809, 0.0342689, 282.843
0.0730757, 0.0344902, 282.843
0.21901, 0.0344902, 282.843
0.0612773, 0.031814, 282.843
0.105926, 0.031814, 282.843
0.11734, 0.0308543, 282.843
0.0856079, 0.0308543, 282.843
0.120206, 0.0253354, 282.843
0.0874848, 0.0253354, 282.843
0.0704169, 0.0287755, 282.843
0.097178, 0.0287755, 282.843
0.0758698, 0.0271255, 282.843
0.137346, 0.0271255, 282.843
0.0726294, 0.0297903, 282.843
0.198289, 0.0297903, 282.843
0.111267, 0.0361412, 282.843
0.10903, 0.0361412, 282.843
0.0820699, 0.0308251, 282.843
0.0814948, 0.0308251, 282.843
0.159803, 0.0343038, 282.843
0.0981465, 0.0343038, 282.843
0.133457, 0.0328461, 282.843
0.110449, 0.0328461, 282.843
0.106016, 0.0268559, 282.843
0.115545, 0.0268559, 282.843
0.0634205, 0.0237003, 282.843
0.0946908, 0.0237003, 282.843
0.148029, 0.0253094, 282.843
0.077103, 0.0253094, 282.843
0.113965, 0.0295982, 282.843
0.176809, 0.0295982, 282.843
0.159454, 0.0354009, 282.843
0.150056, 0.0354009, 282.843
0.0819674, 0.0302516, 282.843
0.148693, 0.0302516, 282.843
0.164268, 0.0240198, 282.843
0.150151, 0.0240198, 282.843
0.122136, 0.0260332, 282.843
0.0686124, 0.0260332, 282.843
0.12655, 0.031676, 282.843
0.104814, 0.031676, 282.843
0.177572, 0.036641, 282.843
0.130206, 0.036641, 282.843
0.0695251, 0.0358348, 282.843
0.134804, 0.0358348, 282.843
0.10316, 0.0278078, 282.843
0.0878026, 0.0278078, 282.843
0.0874465, 0.0219613, 282.843
0.223016, 0.0219613, 282.843
0.0678477, 0.0343036, 282.843
0.18932, 0.0343036, 282.843
0.194373, 0.028429, 282.843
0.0471108, 0.028429, 282.843
0.168558, 0.0271677, 282.843
0.0851948, 0.0271677, 282.843
0.142306, 0.0339024, 282.843
0.174959, 0.0339024, 282.843
0.167312, 0.0236296, 282.843
0.23841, 0.0236296, 282.843
0.164942, 0.0373105, 282.843
0.126347, 0.0373105, 282.843
0.100135, 0.0301025, 282.843
0.0997978, 0.0301025, 282.843
0.173758, 0.0348074, 282.843
0.0815606, 0.0348074, 282.843
0.159376, 0.0244718, 282.843
0.0657567, 0.0244718, 282.843
0.103663, 0.0250433, 282.843
0.104162, 0.0250433, 282.843
0.12418, 0.0324327, 282.843
0.0958428, 0.0324327, 282.843
0.153493, 0.0269553, 282.843
0.12499, 0.0269553, 282.843
0.136321, 0.0332015, 282.843
0.092571, 0.0332015, 282.843
0.0759026, 0.0304552, 282.843
0.0827803, 0.0304552, 282.843
0.090738, 0.0298223, 282.843
0.0678389, 0.0298223, 282.843
0.120248, 0.0252496, 282.843
0.0986175, 0.0252496, 282.843
0.0845867, 0.0273327, 282.843
0.193381, 0.0273327, 282.843
0.162938, 0.0281949, 282.843
0.0428014, 0.0281949, 282.843
0.151171, 0.027514, 282.843
0.165755, 0.027514, 282.843
0.210467, 0.0317937, 282.843
0.217569, 0.0317937, 282.843
0.5, 0.0247848, 282.843
0.0828863, 0.0247848, 282.843
0.052032, 0.0268721, 282.843
0.105503, 0.0268721, 282.843
0.126196, 0.0318044, 282.843
0.090322, 0.0318044, 282.843
0.12267, 0.0309859, 282.843
0.227905, 0.0309859, 282.843
0.135517, 0.0299592, 282.843
0.0721099, 0.0299592, 282.843
0.134865, 0.0341131, 282.843
0.175565, 0.0341131, 282.843
0.155024, 0.0231568, 282.843
0.1288, 0.0231568, 282.843
0.5, 0.028561, 282.843
0.0818298, 0.028561, 282.843
0.110983, 0.0311793, 282.843
0.116367, 0.0311793, 282.843
0.279376, 0.0241751, 282.843
0.0214986, 0.0241751, 282.843
0.14741, 0.0240242, 282.843
0.079828, 0.0240242, 282.843
0.09415, 0.0343894, 282.843
0.21261, 0.0343894, 282.843
0.0802452, 0.0287481, 282.843
0.177301, 0.0287481, 282.843
0.392758, 0.0233545, 282.843
0.0757787, 0.0233545, 282.843
0.045336, 0.0276111, 282.843
0.169552, 0.0276111, 282.843
0.0667411, 0.0269284, 282.843
0.0912199, 0.0269284, 282.843
0.11852, 0.0275935, 282.843
0.0728196, 0.0275935, 282.843
0.109715, 0.0295842, 282.843
0.190064, 0.0295842, 282.843
0.0663043, 0.0278555, 282.843
0.184957, 0.0278555, 282.843
0.147446, 0.0247624, 282.843
0.131571, 0.0247624, 282.843
0.153752, 0.0306306, 282.843
0.0339663, 0.0306306, 282.843
0.139958, 0.0240027, 282.843
0.185986, 0.0240027, 282.843
0.0546152, 0.0261208, 282.843
0.0524904, 0.0261208, 282.843
0.5, 0.0262816, 282.843
0.160785, 0.0262816, 282.843
0.0824365, 0.025042, 282.843
0.0672634, 0.025042, 282.843
0.14713, 0.0221689, 282.843
0.0494501, 0.0221689, 282.843
0.0951256, 0.0291867, 282.843
0.10682, 0.0291867, 282.843
0.128013, 0.0273701, 282.843
0.0982288, 0.0273701, 282.843
0.124105, 0.0318333, 282.843
0.178263, 0.0318333, 282.843
0.0653696, 0.0306114, 282.843
0.222688, 0.0306114, 282.843
0.164818, 0.0299462, 282.843
0.0566983, 0.0299462, 282.843
0.120953, 0.0239509, 282.843
0.0609151, 0.0239509, 282.843
0.5, 0.0348718, 282.843
0.0516858, 0.0348718, 282.843
0.145189, 0.0299174, 282.843
0.136104, 0.0299174, 282.843
0.5, 0.0341011, 282.843
0.0964595, 0.0341011, 282.843
0.139376, 0.0339268, 282.843
0.210862, 0.0339268, 282.843
0.140967, 0.0281663, 282.843
0.103915, 0.0281663, 282.843
0.119592, 0.0315433, 282.843
0.067938, 0.0315433, 282.843
0.160876, 0.0288367, 282.843
0.13317, 0.0288367, 282.843
0.127332, 0.0333217, 282.843
0.106717, 0.0333217, 282.843
0.111013, 0.0326754, 282.843
0.114716, 0.0326754, 282.843
0.111689, 0.0378634, 282.843
0.0720608, 0.0378634, 282.843
0.124701, 0.0243351, 282.843
0.0678398, 0.0243351, 282.843
0.108352, 0.0300391, 282.843
0.104581, 0.0300391, 282.843
0.256142, 0.0313544, 282.843
0.0297375, 0.0313544, 282.843
0.164766, 0.0238267, 282.843
0.105976, 0.0238267, 282.843
0.5, 0.0341007, 282.843
0.191107, 0.0341007, 282.843
0.270343, 0.032606, 282.843
0.0466046, 0.032606, 282.843
0.5, 0.0211743, 282.843
0.131045, 0.0211743, 282.843
0.212959, 0.0218694, 282.843
0.0345231, 0.0218694, 282.843
0.5, 0.0209653, 282.843
0.0775829, 0.0209653, 282.843
0.110602, 0.0265019, 282.843
0.0643353, 0.0265019, 282.843
0.132851, 0.0234938, 282.843
0.0404613, 0.0234938, 282.843
0.0621026, 0.0250424, 282.843
0.0480923, 0.0250424, 282.843
0.5, 0.0343478, 282.843
0.076306, 0.0343478, 282.843
0.194957, 0.030454, 282.843
0.0552244, 0.030454, 282.843
0.181703, 0.0315701, 282.843
0.0286113, 0.0315701, 282.843
0.0610958, 0.0207711, 282.843
0.0876078, 0.0207711, 282.843
0.0552096, 0.0342986, 282.843
0.0811042, 0.0342986, 282.843
0.0555922, 0.0366687, 282.843
0.0806026, 0.0366687, 282.843
0.5, 0.025403, 282.843
0.0657082, 0.025403, 282.843
0.0852408, 0.0202885, 282.843
0.105879, 0.0202885, 282.843
0.0643249, 0.0227712, 282.843
0.114129, 0.0227712, 282.843
0.0977137, 0.0229595, 282.843
0.135099, 0.0229595, 282.843
0.131268, 0.0246295, 282.843
0.0605566, 0.0246295, 282.843
0.0815997, 0.0260848, 282.843
0.127166, 0.0260848, 282.843
0.248158, 0.0275441, 282.843
0.0264144, 0.0275441, 282.843
0.176926, 0.031169, 282.843
0.0366193, 0.031169, 282.843
0.168545, 0.0296566, 282.843
0.0262254, 0.0296566, 282.843
0.137973, 0.0349688, 282.843
0.12749, 0.0349688, 282.843
0.157225, 0.0231699, 282.843
0.10741, 0.0231699, 282.843
0.0900797, 0.0298905, 282.843
0.0503366, 0.0298905, 282.843
0.118035, 0.0249066, 282.843
0.04198, 0.0249066, 282.843
0.256755, 0.0282021, 282.843
0.052571, 0.0282021, 282.843
0.156748, 0.0202932, 282.843
0.0952913, 0.0202932, 282.843
0.0782607, 0.032722, 282.843
0.145931, 0.032722, 282.843
0.0921846, 0.029525, 282.843
0.141316, 0.029525, 282.843
0.128099, 0.0304193, 282.843
0.11248, 0.0304193, 282.843
0.115663, 0.0284481, 282.843
0.0745829, 0.0284481, 282.843
0.5, 0.037074, 282.843
0.135999, 0.037074, 282.843
0.100583, 0.0296257, 282.843
0.106784, 0.0296257, 282.843
0.118727, 0.0217962, 282.843
0.09418, 0.0217962, 282.843
0.037418, 0.0279403, 282.843
0.171064, 0.0279403, 282.843
0.140596, 0.0350269, 282.843
0.0808217, 0.0350269, 282.843
0.0578512, 0.0335419, 282.843
0.125445, 0.0335419, 282.843
0.0731133, 0.0218527, 282.843
0.0910549, 0.0218527, 282.843
0.275646, 0.0305906, 282.843
0.0569554, 0.0305906, 282.843
0.0613221, 0.0266351, 282.843
0.109265, 0.0266351, 282.843
0.0914725, 0.0263592, 282.843
0.129446, 0.0263592, 282.843
0.098561, 0.0209721, 282.843
0.0911287, 0.0209721, 282.843
0.101933, 0.0310232, 282.843
0.110726, 0.0310232, 282.843
0.077606, 0.028394, 282.843
0.100832, 0.028394, 282.843
0.050703, 0.035078, 282.843
0.176173, 0.035078, 282.843
0.5, 0.0263196, 282.843
0.211888, 0.0263196, 282.843
0.137771, 0.0296484, 282.843
0.098259, 0.0296484, 282.843
0.0842834, 0.0255012, 282.843
0.0835627, 0.0255012, 282.843
0.102109, 0.0212513, 282.843
0.0763604, 0.0212513, 282.843
0.0563069, 0.0363237, 282.843
0.180078, 0.0363237, 282.843
0.0722127, 0.0327361, 282.843
0.111295, 0.0327361, 282.843
0.15476, 0.0245694, 282.843
0.10527, 0.0245694, 282.843
0.125378, 0.0205047, 282.843
0.122263, 0.0205047, 282.843
0.107391, 0.0231013, 282.843
0.111432, 0.0231013, 282.843
0.107383, 0.025276, 282.843
0.104166, 0.025276, 282.843
0.0456921, 0.0351684, 282.843
0.108213, 0.0351684, 282.843
0.0788014, 0.0278329, 282.843
0.0988564, 0.0278329, 282.843
0.124022, 0.035162, 282.843
0.0791391, 0.035162, 282.843
0.0403647, 0.0253667, 282.843
0.17262, 0.0253667, 282.843
0.127815, 0.0283663, 282.843
0.166641, 0.0283663, 282.843
0.0671193, 0.0291797, 282.843
0.0827069, 0.0291797, 282.843
0.0697624, 0.0286852, 282.843
0.104204, 0.0286852, 282.843
0.166982, 0.0359725, 282.843
0.142499, 0.0359725, 282.843
0.0632645, 0.0339986, 282.843
0.111664, 0.0339986, 282.843
0.134908, 0.0302273, 282.843
0.0790907, 0.0302273, 282.843
0.106833, 0.022936, 282.843
0.0427161, 0.022936, 282.843
0.0460309, 0.0267903, 282.843
0.19796, 0.0267903, 282.843
0.113989, 0.0312211, 282.843
0.113873, 0.0312211, 282.843
0.084359, 0.0353959, 282.843
0.0809195, 0.0353959, 282.843
0.0427371, 0.0266188, 282.843
0.177766, 0.0266188, 282.843
0.128045, 0.0318912, 282.843
0.182235, 0.0318912, 282.843
0.097003, 0.0212676, 282.843
0.114826, 0.0212676, 282.843
0.0698964, 0.0265549, 282.843
0.205906, 0.0265549, 282.843
0.0771527, 0.0309166, 282.843
0.0676796, 0.0309166, 282.843
0.0560404, 0.0287261, 282.843
0.190315, 0.0287261, 282.843
0.164642, 0.021091, 282.843
0.155048, 0.021091, 282.843
0.101103, 0.0310534, 282.843
0.112126, 0.0310534, 282.843
0.5, 0.022266, 282.843
0.0419034, 0.022266, 282.843
0.0654705, 0.0321215, 282.843
0.150539, 0.0321215, 282.843
0.0631066, 0.0362451, 282.843
0.216487, 0.0362451, 282.843
0.0763958, 0.0271847, 282.843
0.146999, 0.0271847, 282.843
0.0832076, 0.0297418, 282.843
0.078865, 0.0297418, 282.843
0.0652848, 0.0349521, 282.843
0.113739, 0.0349521, 282.843
0.0739008, 0.0366032, 282.843
0.0879972, 0.0366032, 282.843
0.0788062, 0.0288352, 282.843
0.0798721, 0.0288352, 282.843
0.0545682, 0.028973, 282.843
0.0532495, 0.028973, 282.843
0.168212, 0.0292689, 282.843
0.149895, 0.0292689, 282.843
0.0532333, 0.0299934, 282.843
0.10678, 0.0299934, 282.843
0.0909711, 0.0250414, 282.843
0.105746, 0.0250414, 282.843
0.10638, 0.0230982, 282.843
0.125909, 0.0230982, 282.843
0.0942842, 0.0260898, 282.843
0.128996, 0.0260898, 282.843
0.0587802, 0.0300235, 282.843
0.187476, 0.0300235, 282.843
0.0833936, 0.0250642, 282.843
0.111051, 0.0250642, 282.843
0.0827024, 0.0297386, 282.843
0.148853, 0.0297386, 282.843
0.173131, 0.0244432, 282.843
0.0617759, 0.0244432, 282.843
0.118764, 0.0234547, 282.843
0.108106, 0.0234547, 282.843
0.166037, 0.0288957, 282.843
0.197527, 0.0288957, 282.843
0.0672994, 0.0216316, 282.843
0.142022, 0.0216316, 282.843
0.037991, 0.0260863, 282.843
0.217332, 0.0260863, 282.843
0.15232, 0.0318609, 282.843
0.12671, 0.0318609, 282.843
0.0729582, 0.0359813, 282.843
0.0781445, 0.0359813, 282.843
0.0785356, 0.0292757, 282.843
0.0726093, 0.0292757, 282.843
0.100225, 0.0278056, 282.843
0.114162, 0.0278056, 282.843
0.150738, 0.0230289, 282.843
0.133657, 0.0230289, 282.843
0.124084, 0.0308564, 282.843
0.104147, 0.0308564, 282.843
0.0497118, 0.0330516, 282.843
0.0736182, 0.0330516, 282.843
0.0730647, 0.0277253, 282.843
0.0864765, 0.0277253, 282.843
0.0862141, 0.0347669, 282.843
0.0729134, 0.0347669, 282.843
0.122816, 0.0286701, 282.843
0.0949206, 0.0286701, 282.843
0.107817, 0.028336, 282.843
0.0816457, 0.028336, 282.843
0.0574231, 0.0292628, 282.843
0.0793102, 0.0292628, 282.843
0.0695447, 0.0233099, 282.843
0.0769142, 0.0233099, 282.843
0.144101, 0.0234419, 282.843
0.176812, 0.0234419, 282.843
0.5, 0.025072, 282.843
0.151207, 0.025072, 282.843
0.103926, 0.0212294, 282.843
0.094479, 0.0212294, 282.843
0.078946, 0.0217991, 282.843
0.0783786, 0.0217991, 282.843
0.0739641, 0.0296382, 282.843
0.0830571, 0.0296382, 282.843
0.0675619, 0.0316756, 282.843
0.078099, 0.0316756, 282.843
0.0966199, 0.0203729, 282.843
0.107711, 0.0203729, 282.843
0.0866631, 0.0238164, 282.843
0.161878, 0.0238164, 282.843
0.13805, 0.0322775, 282.843
0.111549, 0.0322775, 282.843
0.0350017, 0.02224, 282.843
0.17316, 0.02224, 282.843
0.060417, 0.0282465, 282.843
0.071971, 0.0282465, 282.843
0.123319, 0.0311099, 282.843
0.189284, 0.0311099, 282.843
0.134411, 0.024033, 282.843
0.0794131, 0.024033, 282.843
0.0484977, 0.0328722, 282.843
0.072206, 0.0328722, 282.843
0.155109, 0.026852, 282.843
0.124949, 0.026852, 282.843
0.0709496, 0.0220631, 282.843
0.0817315, 0.0220631, 282.843
0.106128, 0.0248917, 282.843
0.111552, 0.0248917, 282.843
0.0674435, 0.0222796, 282.843
0.15616, 0.0222796, 282.843
0.176082, 0.0322239, 282.843
0.0804283, 0.0322239, 282.843
0.0801082, 0.0297025, 282.843
0.0792429, 0.0297025, 282.843
0.0749474, 0.0373673, 282.843
0.086922, 0.0373673, 282.843
0.124965, 0.0213053, 282.843
0.10648, 0.0213053, 282.843
0.121964, 0.0258259, 282.843
0.093288, 0.0258259, 282.843
0.128842, 0.0270852, 282.843
0.0901247, 0.0270852, 282.843
0.064467, 0.0318208, 282.843
0.160197, 0.0318208, 282.843
0.0869514, 0.031444, 282.843
0.114274, 0.031444, 282.843
0.0973965, 0.0249685, 282.843
0.0395127, 0.0249685, 282.843
0.121778, 0.0231268, 282.843
0.159091, 0.0231268, 282.843
0.0374626, 0.0293348, 282.843
0.0988915, 0.0293348, 282.843
0.0765178, 0.031483, 282.843
0.178506, 0.031483, 282.843
0.5, 0.0225929, 282.843
0.163567, 0.0225929, 282.843
0.140432, 0.0278378, 282.843
0.115848, 0.0278378, 282.843
0.5, 0.0225697, 282.843
0.0392867, 0.0225697, 282.843
0.0323781, 0.0221136, 282.843
0.218009, 0.0221136, 282.843
0.0642883, 0.0332019, 282.843
0.105789, 0.0332019, 282.843
0.0932254, 0.0263698, 282.843
0.111037, 0.0263698, 282.843
0.112465, 0.0350837, 282.843
0.104044, 0.0350837, 282.843
0.0594967, 0.03238, 282.843
0.120733, 0.03238, 282.843
0.132384, 0.0229223, 282.843
0.0525055, 0.0229223, 282.843
0.234994, 0.0313736, 282.843
0.155088, 0.0313736, 282.843
0.0318938, 0.0243728, 282.843
0.156733, 0.0243728, 282.843
0.0625207, 0.0355293, 282.843
0.159847, 0.0355293, 282.843
0.126243, 0.0217018, 282.843
0.179928, 0.0217018, 282.843
0.5, 0.0270994, 282.843
0.115575, 0.0270994, 282.843
0.0455969, 0.0252545, 282.843
0.106767, 0.0252545, 282.843
0.0842617, 0.0252225, 282.843
0.0839708, 0.0252225, 282.843
0.130246, 0.0239677, 282.843
0.100924, 0.0239677, 282.843
0.124365, 0.0283102, 282.843
0.188447, 0.0283102, 282.843
0.0559371, 0.0343918, 282.843
0.102092, 0.0343918, 282.843
0.082339, 0.0286744, 282.843
0.0830928, 0.0286744, 282.843
0.0985123, 0.0273015, 282.843
0.0669702, 0.0273015, 282.843
0.329098, 0.0301567, 282.843
0.0201413, 0.0301567, 282.843
0.483581, 0.0242642, 282.843
0.0526109, 0.0242642, 282.843
0.151534, 0.0257628, 282.843
0.147383, 0.0257628, 282.843
0.163823, 0.0288062, 282.843
0.128176, 0.0288062, 282.843
0.145013, 0.0247962, 282.843
0.110764, 0.0247962, 282.843
0.127122, 0.0281614, 282.843
0.10091, 0.0281614, 282.843
0.131588, 0.0350264, 282.843
0.0608742, 0.0350264, 282.843
0.381622, 0.0375541, 282.843
0.0569301, 0.0375541, 282.843
0.169846, 0.0299947, 282.843
0.0270207, 0.0299947, 282.843
0.0999179, 0.0224678, 282.843
0.0753621, 0.0224678, 282.843
0.15046, 0.0308115, 282.843
0.155992, 0.0308115, 282.843
0.0899512, 0.0286242, 282.843
0.103914, 0.0286242, 282.843
0.290089, 0.0321984, 282.843
0.158435, 0.0321984, 282.843
0.101877, 0.0219677, 282.843
0.0744206, 0.0219677, 282.843
0.5, 0.0343377, 282.843
0.144141, 0.0343377, 282.843
0.0961748, 0.0282835, 282.843
0.0841621, 0.0282835, 282.843
0.5, 0.0293052, 282.843
0.0656287, 0.0293052, 282.843
0.152179, 0.0260439, 282.843
0.151336, 0.0260439, 282.843
0.151503, 0.0345715, 282.843
0.119956, 0.0345715, 282.843
0.127298, 0.0288344, 282.843
0.100772, 0.0288344, 282.843
0.103003, 0.0373397, 282.843
0.067695, 0.0373397, 282.843
0.143251, 0.0256652, 282.843
0.0696054, 0.0256652, 282.843
0.361567, 0.0220358, 282.843
0.218076, 0.0220358, 282.843
0.0820983, 0.0300062, 282.843
0.109153, 0.0300062, 282.843
0.154332, 0.0312621, 282.843
0.138642, 0.0312621, 282.843
0.0811322, 0.0295796, 282.843
0.0820411, 0.0295796, 282.843
0.155405, 0.021974, 282.843
0.0488203, 0.021974, 282.843
0.130169, 0.02217, 282.843
0.16298, 0.02217, 282.843
0.0790125, 0.0315572, 282.843
0.0825367, 0.0315572, 282.843
0.0523321, 0.0275966, 282.843
0.113774, 0.0275966, 282.843
0.108409, 0.0324233, 282.843
0.10728, 0.0324233, 282.843
0.0806631, 0.0277673, 282.843
0.0832412, 0.0277673, 282.843
0.310641, 0.0304314, 282.843
0.0600278, 0.0304314, 282.843
0.0772813, 0.0292183, 282.843
0.171248, 0.0292183, 282.843
0.163338, 0.0271154, 282.843
0.126265, 0.0271154, 282.843
0.173677, 0.0328179, 282.843
0.0898431, 0.0328179, 282.843
0.167873, 0.0296417, 282.843
0.177496, 0.0296417, 282.843
0.241763, 0.0320819, 282.843
0.0524753, 0.0320819, 282.843
0.170923, 0.031558, 282.843
0.120545, 0.031558, 282.843
0.080234, 0.0352903, 282.843
0.0786155, 0.0352903, 282.843
0.101822, 0.026446, 282.843
0.0608421, 0.026446, 282.843
0.116448, 0.0223774, 282.843
0.100946, 0.0223774, 282.843
0.5, 0.0249307, 282.843
0.0374288, 0.0249307, 282.843
0.148293, 0.0327228, 282.843
0.161115, 0.0327228, 282.843
0.121557, 0.0322633, 282.843
0.224109, 0.0322633, 282.843
0.118531, 0.0361693, 282.843
0.20906, 0.0361693, 282.843
0.234564, 0.026205, 282.843
0.0483004, 0.026205, 282.843
0.116685, 0.0326385, 282.843
0.0829154, 0.0326385, 282.843
0.145561, 0.027023, 282.843
0.169859, 0.027023, 282.843
0.5, 0.0272269, 282.843
0.201814, 0.0272269, 282.843
0.12305, 0.0315298, 282.843
0.0937405, 0.0315298, 282.843
0.123487, 0.0263645, 282.843
0.170821, 0.0263645, 282.843
0.232911, 0.0301062, 282.843
0.0540322, 0.0301062, 282.843
0.137487, 0.0350015, 282.843
0.124967, 0.0350015, 282.843
0.134117, 0.0290844, 282.843
0.195142, 0.0290844, 282.843
0.139177, 0.0326687, 282.843
0.0976288, 0.0326687, 282.843
0.128076, 0.0297049, 282.843
0.116382, 0.0297049, 282.843
0.217253, 0.0223131, 282.843
0.0352663, 0.0223131, 282.843
0.205368, 0.0253308, 282.843
0.109455, 0.0253308, 282.843
0.5, 0.0368489, 282.843
0.170779, 0.0368489, 282.843
0.5, 0.0308352, 282.843
0.0751391, 0.0308352, 282.843
0.5, 0.0222188, 282.843
0.147618, 0.0222188, 282.843
0.362944, 0.0201287, 282.843
0.0463074, 0.0201287, 282.843
0.5, 0.0362675, 282.843
0.0630818, 0.0362675, 282.843
0.432429, 0.0216954, 282.843
0.0860549, 0.0216954, 282.843
0.0725798, 0.0279541, 282.843
0.0402742, 0.0279541, 282.843
0.065634, 0.0204094, 282.843
0.0766946, 0.0204094, 282.843
0.0734228, 0.0220613, 282.843
0.11763, 0.0220613, 282.843
0.0531603, 0.0380128, 282.843
0.0762846, 0.0380128, 282.843
0.0308637, 0.0201412, 282.843
0.0908194, 0.0201412, 282.843
0.5, 0.0346861, 282.843
0.0950019, 0.0346861, 282.843
0.335019, 0.0302003, 282.843
0.0668584, 0.0302003, 282.843
0.5, 0.0274184, 282.843
0.0393723, 0.0274184, 282.843
0.0421246, 0.020032, 282.843
0.0867919, 0.020032, 282.843
0.0581912, 0.0278629, 282.843
0.0988235, 0.0278629, 282.843
0.418938, 0.0266009, 282.843
0.0799212, 0.0266009, 282.843
0.151545, 0.0212676, 282.843
0.0352244, 0.0212676, 282.843
0.121849, 0.0251167, 282.843
0.04755, 0.0251167, 282.843
0.5, 0.0249191, 282.843
0.034006, 0.0249191, 282.843
0.163992, 0.0250417, 282.843
0.101522, 0.0250417, 282.843
0.1058, 0.0331737, 282.843
0.0409536, 0.0331737, 282.843
0.479439, 0.0269552, 282.843
0.0783311, 0.0269552, 282.843
0.0753068, 0.0227494, 282.843
0.201124, 0.0227494, 282.843
0.191015, 0.027174, 282.843
0.0383679, 0.027174, 282.843
0.168573, 0.027174, 282.843
0.0546198, 0.027174, 282.843
0.0725547, 0.0293333, 282.843
0.183981, 0.0293333, 282.843
0.0953752, 0.0220459, 282.843
0.123745, 0.0220459, 282.843
0.0740882, 0.0225646, 282.843
0.182234, 0.0225646, 282.843
0.124593, 0.0214144, 282.843
0.0814844, 0.0214144, 282.843
0.160244, 0.0234782, 282.843
0.224946, 0.0234782, 282.843
0.049373, 0.0234173, 282.843
0.183858, 0.0234173, 282.843
0.0294905, 0.0228234, 282.843
0.171694, 0.0228234, 282.843
0.0529395, 0.0248747, 282.843
0.125369, 0.0248747, 282.843
0.5, 0.0280246, 282.843
0.12998, 0.0280246, 282.843
0.0923184, 0.023948, 282.843
0.131973, 0.023948, 282.843
0.0683706, 0.021128, 282.843
0.124135, 0.021128, 282.843
0.0477868, 0.0286077, 282.843
0.0903432, 0.0286077, 282.843
0.070615, 0.023467, 282.843
0.0904402, 0.023467, 282.843
0.0521396, 0.0237315, 282.843
0.197353, 0.0237315, 282.843
0.0761069, 0.0237588, 282.843
0.171588, 0.0237588, 282.843
0.0843479, 0.0228848, 282.843
0.193019, 0.0228848, 282.843
0.0518827, 0.0231596, 282.843
0.1979, 0.0231596, 282.843
0.116367, 0.0203991, 282.843
0.112525, 0.0203991, 282.843
0.0264911, 0.0228644, 282.843
0.136544, 0.0228644, 282.843
0.134548, 0.0293721, 282.843
0.201757, 0.0293721, 282.843
0.0723339, 0.0203917, 282.843
0.10499, 0.0203917, 282.843
0.0397002, 0.0240021, 282.843
0.109147, 0.0240021, 282.843
0.115496, 0.023489, 282.843
0.115351, 0.023489, 282.843
0.04746, 0.0218458, 282.843
0.211301, 0.0218458, 282.843
0.0454844, 0.0224869, 282.843
0.108166, 0.0224869, 282.843
0.0878426, 0.023788, 282.843
0.11452, 0.023788, 282.843
0.0311204, 0.022307, 282.843
0.0977362, 0.022307, 282.843
0.122841, 0.0272391, 282.843
0.193075, 0.0272391, 282.843
0.168368, 0.0325339, 282.843
0.113224, 0.0325339, 282.843
0.0888117, 0.0337329, 282.843
0.061586, 0.0337329, 282.843
0.157461, 0.0244917, 282.843
0.0673239, 0.0244917, 282.843
0.123555, 0.0217645, 282.843
0.0546243, 0.0217645, 282.843
0.0861161, 0.0302178, 282.843
0.134928, 0.0302178, 282.843
0.0766185, 0.0232053, 282.843
0.178419, 0.0232053, 282.843
0.5, 0.0219455, 282.843
0.0523364, 0.0219455, 282.843
0.131032, 0.0206916, 282.843
0.100031, 0.0206916, 282.843
0.223658, 0.0364208, 282.843
0.120423, 0.0364208, 282.843
0.0464516, 0.0290183, 282.843
0.106109, 0.0290183, 282.843
0.0755658, 0.0230146, 282.843
0.184898, 0.0230146, 282.843
0.0912485, 0.0219374, 282.843
0.0693569, 0.0219374, 282.843
0.0794725, 0.02066, 282.843
0.228294, 0.02066, 282.843
0.139443, 0.0206899, 282.843
0.0942681, 0.0206899, 282.843
0.134223, 0.0304327, 282.843
0.0956308, 0.0304327, 282.843
0.0932488, 0.0222703, 282.843
0.121945, 0.0222703, 282.843
0.12542, 0.0258256, 282.843
0.133633, 0.0258256, 282.843
0.168409, 0.0317815, 282.843
0.157312, 0.0317815, 282.843
0.0713041, 0.022035, 282.843
0.138572, 0.022035, 282.843
0.228045, 0.0339227, 282.843
0.0698895, 0.0339227, 282.843
0.0461017, 0.0237373, 282.843
0.0528668, 0.0237373, 282.843
0.0672099, 0.0301553, 282.843
0.203344, 0.0301553, 282.843
0.0939367, 0.0242274, 282.843
0.114553, 0.0242274, 282.843
0.1511, 0.0209561, 282.843
0.13523, 0.0209561, 282.843
0.101742, 0.0222971, 282.843
0.125675, 0.0222971, 282.843
0.0856769, 0.0240861, 282.843
0.203365, 0.0240861, 282.843
0.118768, 0.0269706, 282.843
0.104758, 0.0269706, 282.843
0.0459618, 0.0204827, 282.843
0.0476945, 0.0204827, 282.843
0.0975662, 0.0253236, 282.843
0.0823377, 0.0253236, 282.843
0.5, 0.0235332, 282.843
0.18132, 0.0235332, 282.843
0.217596, 0.0244064, 282.843
0.199206, 0.0244064, 282.843
0.0822627, 0.0233096, 282.843
0.0776407, 0.0233096, 282.843
0.0780325, 0.0351695, 282.843
0.0757339, 0.0351695, 282.843
0.5, 0.0266906, 282.843
0.147491, 0.0266906, 282.843
0.0774005, 0.0290025, 282.843
0.0539317, 0.0290025, 282.843
0.149627, 0.0354171, 282.843
0.0835709, 0.0354171, 282.843
0.0479074, 0.0217512, 282.843
0.0524637, 0.0217512, 282.843
0.0690885, 0.0313397, 282.843
0.0676183, 0.0313397, 282.843
0.0476679, 0.0388108, 282.843
0.0786059, 0.0388108, 282.843
0.0566949, 0.026478, 282.843
0.0654781, 0.026478, 282.843
0.0735186, 0.0223494, 282.843
0.0708486, 0.0223494, 282.843
0.114745, 0.0271872, 282.843
0.102334, 0.0271872, 282.843
0.152036, 0.0325956, 282.843
0.0878828, 0.0325956, 282.843
0.084292, 0.0213923, 282.843
0.0740661, 0.0213923, 282.843
0.5, 0.0273664, 282.843
0.139707, 0.0273664, 282.843
0.328275, 0.0222981, 282.843
0.0370533, 0.0222981, 282.843
0.0258425, 0.0200002, 282.843
0.0928647, 0.0200002, 282.843
0.175682, 0.0215283, 282.843
0.0653522, 0.0215283, 282.843
0.0666756, 0.0211041, 282.843
0.0579598, 0.0211041, 282.843
0.5, 0.0226107, 282.843
0.171482, 0.0226107, 282.843
0.362851, 0.0226661, 282.843
0.0648266, 0.0226661, 282.843
0.145369, 0.0247196, 282.843
0.031219, 0.0247196, 282.843
0.0274897, 0.0237262, 282.843
0.10316, 0.0237262, 282.843
0.145986, 0.0246414, 282.843
0.159, 0.0246414, 282.843
0.0497166, 0.0236056, 282.843
0.202901, 0.0236056, 282.843
0.116682, 0.0213077, 282.843
0.0573334, 0.0213077, 282.843
0.0911367, 0.0204231, 282.843
0.0942647, 0.0204231, 282.843
0.0840745, 0.0209605, 282.843
0.217539, 0.0209605, 282.843
0.030874, 0.0221303, 282.843
0.16998, 0.0221303, 282.843
0.5, 0.0284256, 282.843
0.103229, 0.0284256, 282.843
0.0478703, 0.02179, 282.843
0.188408, 0.02179, 282.843
0.100486, 0.0274632, 282.843
0.0698242, 0.0274632, 282.843
0.0536362, 0.0239427, 282.843
0.186573, 0.0239427, 282.843
0.067412, 0.0224535, 282.843
0.106919, 0.0224535, 282.843
0.126583, 0.0209198, 282.843
0.174788, 0.0209198, 282.843
0.0758753, 0.0251382, 282.843
0.091174, 0.0251382, 282.843
0.5, 0.0316721, 282.843
0.0868547, 0.0316721, 282.843
0.111911, 0.0227856, 282.843
0.0340241, 0.0227856, 282.843
0.35236, 0.0232498, 282.843
0.0921628, 0.0232498, 282.843
0.0477526, 0.0205803, 282.843
0.0500813, 0.0205803, 282.843
0.5, 0.0309418, 282.843
0.154402, 0.0309418, 282.843
0.183424, 0.0200359, 282.843
0.0884838, 0.0200359, 282.843
0.128799, 0.0208551, 282.843
0.0974415, 0.0208551, 282.843
0.14972, 0.0231598, 282.843
0.0722527, 0.0231598, 282.843
0.107859, 0.0322736, 282.843
0.0655026, 0.0322736, 282.843
0.205993, 0.0382242, 282.843
0.0949411, 0.0382242, 282.843
0.0915646, 0.0346364, 282.843
0.0482598, 0.0346364, 282.843
0.0931784, 0.0203776, 282.843
0.0757138, 0.0203776, 282.843
0.122035, 0.021452, 282.843
0.0457894, 0.021452, 282.843
0.140272, 0.0207138, 282.843
0.050466, 0.0207138, 282.843
0.109052, 0.02939, 282.843
0.0680287, 0.02939, 282.843
0.127309, 0.02939, 282.843
0.0519296, 0.02939, 282.843
0.5, 0.0340988, 282.843
0.206671, 0.0340988, 282.843
0.0986782, 0.0325584, 282.843
0.101319, 0.0325584, 282.843
0.111948, 0.0239262, 282.843
0.0702219, 0.0239262, 282.843
0.126964, 0.0291086, 282.843
0.0512862, 0.0291086, 282.843
0.110421, 0.0291086, 282.843
0.0692635, 0.0291086, 282.843
0.10436, 0.03186, 282.843
0.0825457, 0.03186, 282.843
0.5, 0.020486, 282.843
0.0955511, 0.020486, 282.843
0.158538, 0.026904, 282.843
0.0342075, 0.026904, 282.843
0.140501, 0.026904, 282.843
0.0495019, 0.026904, 282.843
0.197891, 0.0280777, 282.843
0.0424432, 0.0280777, 282.843
0.5, 0.0310049, 282.843
0.185118, 0.0310049, 282.843
0.164128, 0.029345, 282.843
0.0566935, 0.029345, 282.843
0.0479726, 0.0211549, 282.843
0.151648, 0.0211549, 282.843
0.5, 0.0216104, 282.843
0.236059, 0.0216104, 282.843
0.0819203, 0.0217149, 282.843
0.135502, 0.0217149, 282.843
0.137973, 0.0208281, 282.843
0.0571709, 0.0208281, 282.843
0.20043, 0.0320643, 282.843
0.119293, 0.0320643, 282.843
0.113091, 0.0331584, 282.843
0.123627, 0.0331584, 282.843
0.14365, 0.0261272, 282.843
0.0855799, 0.0261272, 282.843
0.14793, 0.0368613, 282.843
0.173344, 0.0368613, 282.843
0.0974656, 0.0232626, 282.843
0.217433, 0.0232626, 282.843
0.363686, 0.0264252, 282.843
0.0909308, 0.0264252, 282.843
0.167116, 0.0212492, 282.843
0.230743, 0.0212492, 282.843
0.147319, 0.035692, 282.843
0.0874359, 0.035692, 282.843
0.158189, 0.0334818, 282.843
0.0999518, 0.0334818, 282.843
0.161863, 0.0288088, 282.843
0.125183, 0.0288088, 282.843
0.0955642, 0.0234322, 282.843
0.0653208, 0.0234322, 282.843
0.243437, 0.0250414, 282.843
0.066416, 0.0250414, 282.843
0.5, 0.022879, 282.843
0.133548, 0.022879, 282.843
0.154676, 0.0205565, 282.843
0.131764, 0.0205565, 282.843
0.466714, 0.0297556, 282.843
0.0984328, 0.0297556, 282.843
0.131262, 0.026052, 282.843
0.0433027, 0.026052, 282.843
0.322977, 0.0241338, 282.843
0.0941647, 0.0241338, 282.843
0.136847, 0.022064, 282.843
0.120392, 0.022064, 282.843
0.151281, 0.0248833, 282.843
0.203359, 0.0248833, 282.843
0.177393, 0.0216284, 282.843
0.0712009, 0.0216284, 282.843
0.5, 0.0267901, 282.843
0.176835, 0.0267901, 282.843
0.151164, 0.0278822, 282.843
0.0530718, 0.0278822, 282.843
0.170203, 0.0278822, 282.843
0.0380522, 0.0278822, 282.843
0.5, 0.0372604, 282.843
0.163072, 0.0372604, 282.843
0.148719, 0.0241122, 282.843
0.060522, 0.0241122, 282.843
0.5, 0.0333188, 282.843
0.0591806, 0.0333188, 282.843
0.182466, 0.0247017, 282.843
0.145524, 0.0247017, 282.843
0.149845, 0.0343767, 282.843
0.0869707, 0.0343767, 282.843
0.5, 0.0201297, 282.843
0.16069, 0.0201297, 282.843
0.152575, 0.0236101, 282.843
0.0606765, 0.0236101, 282.843
0.5, 0.0202352, 282.843
0.127751, 0.0202352, 282.843
0.424631, 0.0340095, 282.843
0.0802322, 0.0340095, 282.843
0.140422, 0.0307077, 282.843
0.0765652, 0.0307077, 282.843
0.0988083, 0.0357218, 282.843
0.0491817, 0.0357218, 282.843
0.5, 0.0242051, 282.843
0.108423, 0.0242051, 282.843
0.0905739, 0.0343941, 282.843
0.046435, 0.0343941, 282.843
0.153036, 0.0212982, 282.843
0.111406, 0.0212982, 282.843
0.0831008, 0.0266072, 282.843
0.0576259, 0.0266072, 282.843
0.174166, 0.029449, 282.843
0.0939964, 0.029449, 282.843
0.0705493, 0.0201788, 282.843
0.112121, 0.0201788, 282.843
0.5, 0.0246145, 282.843
0.219124, 0.0246145, 282.843
0.100873, 0.0275354, 282.843
0.0692019, 0.0275354, 282.843
0.100744, 0.0230198, 282.843
0.138504, 0.0230198, 282.843
0.137893, 0.0365433, 282.843
0.148967, 0.0365433, 282.843
0.0664689, 0.0281002, 282.843
0.0728061, 0.0281002, 282.843
0.350655, 0.0225865, 282.843
0.0646015, 0.0225865, 282.843
0.0818797, 0.0205789, 282.843
0.0744784, 0.0205789, 282.843
0.0639449, 0.0218828, 282.843
0.0462251, 0.0218828, 282.843
0.167867, 0.0213113, 282.843
0.118202, 0.0213113, 282.843
0.0766239, 0.0224914, 282.843
0.0958289, 0.0224914, 282.843
0.267601, 0.0230607, 282.843
0.124421, 0.0230607, 282.843
0.166869, 0.02601, 282.843
0.22091, 0.02601, 282.843
0.0605333, 0.0212281, 282.843
0.149615, 0.0212281, 282.843
0.0828817, 0.0214407, 282.843
0.0706501, 0.0214407, 282.843
0.10913, 0.0313837, 282.843
0.111461, 0.0313837, 282.843
0.150726, 0.0251018, 282.843
0.131151, 0.0251018, 282.843
0.133404, 0.0347423, 282.843
0.101643, 0.0347423, 282.843
0.0569477, 0.0266887, 282.843
0.067614, 0.0266887, 282.843
0.121512, 0.0313484, 282.843
0.0747615, 0.0313484, 282.843
0.063446, 0.0208722, 282.843
0.0779081, 0.0208722, 282.843
0.0784714, 0.0257476, 282.843
0.0746009, 0.0257476, 282.843
0.5, 0.0266107, 282.843
0.161041, 0.0266107, 282.843
0.0772128, 0.0202886, 282.843
0.0795042, 0.0202886, 282.843
0.0578272, 0.0281818, 282.843
0.0818333, 0.0281818, 282.843
0.129664, 0.0291379, 282.843
0.114381, 0.0291379, 282.843
0.0534449, 0.0251533, 282.843
0.0764479, 0.0251533, 282.843
0.0671255, 0.0217768, 282.843
0.09405, 0.0217768, 282.843
0.0992467, 0.0225962, 282.843
0.11821, 0.0225962, 282.843
0.223297, 0.0318522, 282.843
0.0677838, 0.0318522, 282.843
0.0956122, 0.0236708, 282.843
0.108256, 0.0236708, 282.843
0.173088, 0.0247253, 282.843
0.162914, 0.0247253, 282.843
0.0843402, 0.0238092, 282.843
0.147487, 0.0238092, 282.843
0.5, 0.0225751, 282.843
0.130076, 0.0225751, 282.843
0.5, 0.0224734, 282.843
0.057371, 0.0224734, 282.843
0.124111, 0.0211249, 282.843
0.0622489, 0.0211249, 282.843
0.5, 0.0257731, 282.843
0.143597, 0.0257731, 282.843
0.0518908, 0.0200799, 282.843
0.100325, 0.0200799, 282.843
0.0707834, 0.0229818, 282.843
0.0923749, 0.0229818, 282.843
0.0917191, 0.0322106, 282.843
0.0714855, 0.0322106, 282.843
0.106886, 0.0200196, 282.843
0.0632995, 0.0200196, 282.843
0.5, 0.0252786, 282.843
0.0734676, 0.0252786, 282.843
0.185144, 0.0377792, 282.843
0.0464889, 0.0377792, 282.843
0.5, 0.036884, 282.843
0.0842096, 0.036884, 282.843
0.5, 0.025353, 282.843
0.0357972, 0.025353, 282.843
0.110301, 0.024558, 282.843
0.0713527, 0.024558, 282.843
0.155549, 0.0229517, 282.843
0.152312, 0.0229517, 282.843
0.0831992, 0.02469, 282.843
0.104699, 0.02469, 282.843
0.0947225, 0.0200092, 282.843
0.0758261, 0.0200092, 282.843
0.0911068, 0.0247071, 282.843
0.0831929, 0.0247071, 282.843
0.129494, 0.0212167, 282.843
0.096966, 0.0212167, 282.843
0.5, 0.0224611, 282.843
0.158037, 0.0224611, 282.843
0.0844818, 0.0216152, 282.843
0.112502, 0.0216152, 282.843
0.183524, 0.0231199, 282.843
0.0291986, 0.0231199, 282.843
0.0829762, 0.0232326, 282.843
0.0834784, 0.0232326, 282.843
0.395448, 0.0287985, 282.843
0.104583, 0.0287985, 282.843
0.477091, 0.0306819, 282.843
0.0868404, 0.0306819, 282.843
0.18864, 0.0343072, 282.843
0.101436, 0.0343072, 282.843
0.111323, 0.0294598, 282.843
0.0543317, 0.0294598, 282.843
0.5, 0.02482, 282.843
0.0584234, 0.02482, 282.843
0.192318, 0.0282763, 282.843
0.110327, 0.0282763, 282.843
0.5, 0.0276637, 282.843
0.128309, 0.0276637, 282.843
0.196507, 0.0221409, 282.843
0.0847063, 0.0221409, 282.843
0.369636, 0.0205141, 282.843
0.0458842, 0.0205141, 282.843
0.231964, 0.0259599, 282.843
0.102957, 0.0259599, 282.843
